age,gender,height,weight,bmi,blood_pressure,glucose,cholesterol,heart_rate,smoking,activity,family_history,risk
58,1,148.8,72.9,32.92,125.3,60.0,155.3,73,1,0,0,0
71,1,168.8,61.0,21.41,107.1,72.9,274.1,97,0,3,1,0
48,1,175.7,83.3,26.97,123.5,91.4,170.7,65,0,0,0,0
34,1,155.9,87.5,36.03,80.0,105.0,200.5,73,0,1,0,0
62,0,169.4,73.5,25.63,108.0,97.9,218.7,71,0,2,0,0
27,0,173.9,53.9,17.83,142.0,81.6,222.0,69,1,2,1,1
40,0,170.9,85.8,29.39,102.0,128.2,219.3,81,0,0,0,1
58,0,171.8,73.0,24.72,131.8,96.1,154.7,101,1,2,0,0
77,1,162.6,47.7,18.05,103.7,106.3,219.5,71,0,1,1,1
38,0,153.7,49.0,20.74,135.5,83.2,244.0,81,1,0,1,1
42,0,160.5,92.8,35.99,114.1,145.3,242.9,52,1,1,1,1
30,1,159.1,90.3,35.64,113.3,88.3,147.9,70,0,3,0,0
30,0,164.2,35.0,12.98,121.1,102.2,173.8,93,1,1,0,0
43,0,175.9,49.6,16.04,93.1,131.0,158.2,74,1,1,0,0
72,0,151.9,87.1,37.76,139.4,108.4,213.6,81,1,1,1,1
55,0,166.4,69.7,25.17,146.1,107.7,137.9,67,0,1,1,0
59,0,154.4,80.5,33.79,112.8,60.0,155.1,78,1,3,0,0
43,0,157.6,69.1,27.81,130.5,120.4,173.4,94,1,0,0,0
22,1,170.6,79.8,27.43,135.6,101.7,128.1,61,0,1,1,0
41,1,153.1,70.1,29.9,118.2,116.2,198.9,101,0,0,1,1
72,0,172.3,63.4,21.36,97.8,105.5,115.7,56,1,2,1,0
21,0,151.5,85.9,37.43,151.9,83.2,219.4,69,1,1,0,1
43,1,171.7,73.0,24.78,112.1,126.8,184.1,64,0,1,1,0
63,0,149.5,79.8,35.7,107.8,105.9,175.0,71,0,2,1,1
49,0,158.8,72.4,28.69,152.8,61.3,181.6,64,1,0,1,0
57,0,184.0,62.7,18.53,132.2,139.3,197.6,63,1,3,1,1
21,1,182.1,94.1,28.39,125.1,60.0,223.7,60,0,1,0,0
79,0,160.9,75.3,29.1,100.6,127.0,252.7,82,0,2,1,1
40,1,168.9,64.7,22.67,136.1,144.6,240.6,72,1,2,0,1
52,0,177.0,89.2,28.45,177.9,66.8,289.3,69,1,1,0,1
31,1,171.8,50.2,17.0,137.6,96.3,227.0,78,0,0,1,0
77,1,162.3,103.5,39.33,129.9,93.5,205.6,57,1,0,1,1
41,0,157.5,67.3,27.13,134.4,94.9,181.7,78,1,1,0,0
63,1,173.7,51.0,16.9,113.4,154.9,183.0,73,1,2,1,1
44,0,176.3,98.6,31.72,113.2,67.2,221.6,74,1,1,0,0
68,1,182.2,63.1,19.0,113.0,90.8,160.0,81,0,3,1,0
46,0,148.1,73.6,33.57,108.5,145.1,209.2,94,0,3,0,0
78,0,152.5,80.8,34.74,113.0,90.3,199.2,78,1,0,0,1
61,1,176.6,87.8,28.13,112.9,71.9,170.9,72,1,3,0,0
47,0,149.5,74.5,33.34,115.1,107.9,158.0,60,1,2,1,0
79,0,177.4,60.3,19.16,114.5,124.2,301.0,46,1,3,0,1
35,1,162.9,73.3,27.63,124.9,88.2,144.1,76,0,1,0,0
34,0,159.8,63.7,24.95,121.6,116.6,197.3,59,1,2,1,0
66,0,167.1,73.7,26.42,123.3,60.0,248.9,45,1,0,1,1
70,1,151.5,94.4,41.11,150.4,60.4,221.2,70,0,0,0,1
63,1,173.2,81.3,27.1,121.5,86.8,181.1,77,0,3,0,0
74,0,181.9,73.1,22.09,164.2,117.7,152.3,83,1,0,1,1
71,0,173.7,81.1,26.87,127.1,122.8,205.2,87,0,1,0,1
76,1,162.5,82.2,31.1,111.1,64.5,100.0,85,0,2,1,1
22,1,149.6,53.8,24.05,147.0,121.7,206.8,85,1,1,1,1
56,0,150.0,70.6,31.39,118.4,105.0,201.4,57,1,1,1,1
70,1,151.7,108.4,47.12,80.0,73.6,242.8,73,0,1,0,0
26,0,164.9,88.2,32.44,119.9,60.0,154.3,81,1,1,1,0
40,0,166.1,62.4,22.63,115.0,106.9,187.1,75,0,2,0,0
28,0,173.7,61.0,20.21,152.1,138.7,217.5,73,0,2,0,0
58,0,147.0,60.5,27.96,102.0,101.1,208.2,75,0,1,1,1
37,0,178.1,83.0,26.16,113.3,72.0,146.3,77,1,1,1,0
23,1,171.9,94.1,31.83,145.4,60.0,174.1,74,1,0,1,0
44,1,161.7,78.7,30.1,127.9,145.9,256.0,64,0,0,1,1
79,1,153.1,72.4,30.87,116.6,131.3,210.4,54,0,2,0,0
33,1,177.5,63.3,20.11,104.9,109.1,133.4,72,1,0,0,0
69,0,162.0,74.9,28.56,127.0,144.3,235.3,75,0,2,1,1
77,0,164.8,57.7,21.24,119.4,106.7,136.0,75,0,2,0,0
28,0,168.8,41.0,14.37,104.6,84.1,187.7,86,1,3,1,0
45,0,155.9,94.6,38.92,105.7,116.7,222.5,88,1,2,0,1
72,1,162.2,54.9,20.88,103.7,75.1,248.5,73,1,0,0,1
21,0,173.7,65.1,21.6,100.1,70.1,106.5,73,1,3,0,0
39,0,172.6,79.8,26.79,138.7,123.1,228.5,81,0,0,1,1
47,1,172.7,91.5,30.67,136.0,125.7,234.5,80,1,2,0,1
66,1,153.4,73.9,31.37,138.7,61.8,177.7,69,1,2,0,0
79,1,162.6,52.1,19.7,120.1,62.9,203.6,82,0,1,0,0
26,1,161.0,65.5,25.25,115.1,86.6,100.0,73,0,2,0,0
63,0,169.3,59.8,20.88,115.5,78.7,100.0,73,0,3,1,0
27,0,168.4,69.4,24.49,140.4,114.3,244.3,80,1,2,0,1
66,1,166.6,88.5,31.9,83.6,101.4,178.4,71,0,1,1,0
54,0,189.7,35.0,9.73,109.7,134.9,186.2,76,1,2,1,1
33,0,162.1,63.8,24.29,102.3,109.5,209.4,78,0,2,0,0
36,0,160.9,62.7,24.23,147.2,80.7,185.4,84,1,2,0,0
55,1,153.4,51.1,21.73,110.5,60.0,181.7,83,0,1,1,0
69,0,149.6,78.8,35.19,87.3,105.4,215.8,78,1,0,1,1
59,1,152.8,48.8,20.89,124.5,60.0,140.2,45,1,2,1,0
23,0,157.8,50.5,20.28,112.6,80.3,246.4,77,0,3,0,0
21,0,178.1,82.8,26.09,108.9,78.3,190.8,79,0,1,0,0
25,0,165.4,92.5,33.82,106.8,84.7,159.8,82,1,3,1,0
73,1,166.9,68.9,24.71,106.0,60.5,154.4,63,0,2,1,0
61,0,164.0,51.7,19.23,134.2,78.2,201.7,49,1,1,1,0
23,1,168.7,59.4,20.89,124.5,134.4,187.7,84,1,2,0,0
73,1,179.0,85.1,26.56,116.0,134.3,138.0,60,1,3,0,1
48,1,145.1,71.7,34.1,98.0,146.0,175.9,89,0,1,1,1
37,0,177.2,68.5,21.81,116.6,100.3,167.6,68,1,0,0,0
45,0,140.0,74.7,38.11,125.2,108.1,250.5,62,1,0,1,1
63,0,165.3,69.4,25.42,126.0,134.8,205.2,79,1,0,0,1
53,0,186.9,93.2,26.67,123.2,60.0,262.8,82,1,2,1,0
29,1,171.8,58.8,19.91,101.5,124.2,171.6,81,0,1,0,0
55,1,168.7,57.0,20.04,80.0,139.1,188.4,81,0,3,0,0
33,1,185.0,49.2,14.39,156.0,73.3,215.5,66,1,3,0,0
50,0,158.0,61.9,24.81,93.8,141.5,224.2,56,0,2,0,0
67,1,169.3,53.6,18.7,80.7,161.7,228.8,70,0,2,0,1
34,0,170.8,73.3,25.12,122.6,123.3,164.5,61,1,3,0,0
27,1,159.8,70.3,27.54,85.8,117.8,165.6,80,0,1,0,0
33,0,160.7,53.8,20.85,103.9,66.4,185.8,85,0,2,1,0
42,0,159.6,78.8,30.96,131.0,132.1,259.2,77,0,1,1,1
79,1,165.9,92.8,33.71,155.5,69.2,160.0,74,0,3,1,1
76,1,170.5,75.4,25.94,127.8,111.1,178.9,71,0,1,0,0
59,1,166.2,35.0,12.67,111.2,114.1,229.2,86,0,0,0,1
40,1,172.1,99.8,33.7,119.0,60.0,227.1,53,1,3,0,0
35,0,145.3,81.2,38.46,83.8,112.2,222.2,60,0,0,1,0
64,1,162.8,99.3,37.48,111.0,178.6,203.2,96,1,3,1,1
37,1,154.8,86.4,36.06,111.0,60.0,157.4,59,1,0,1,0
66,1,168.0,89.4,31.65,123.1,98.4,172.4,81,1,1,1,0
72,0,167.9,73.1,25.93,158.8,60.0,245.1,83,0,3,1,0
43,0,163.8,66.1,24.61,81.3,73.2,230.9,51,0,3,1,0
45,1,170.1,75.6,26.13,111.8,60.0,146.6,54,1,0,0,0
44,0,175.0,59.4,19.39,83.3,104.8,234.8,90,1,1,1,1
79,1,164.4,76.5,28.31,109.9,123.8,252.4,63,1,3,0,1
79,0,154.5,35.0,14.67,102.7,112.3,202.2,63,0,2,1,0
79,0,149.2,70.6,31.74,90.1,72.1,217.1,68,0,0,1,1
64,0,165.4,90.2,32.98,138.3,81.7,240.5,63,0,3,0,0
60,0,167.4,71.4,25.48,125.1,108.2,172.2,81,1,1,0,1
48,1,155.3,95.9,39.77,135.9,73.0,293.2,60,0,1,0,0
34,1,172.3,66.0,22.26,109.4,60.1,248.9,51,0,1,1,0
64,1,160.4,85.0,33.05,118.6,92.8,221.0,88,1,1,1,1
20,0,148.4,56.8,25.79,151.9,71.7,198.6,61,0,0,0,0
44,1,177.6,84.4,26.78,119.9,112.3,219.8,65,1,3,1,1
26,1,176.4,73.5,23.61,136.2,139.0,137.6,84,0,0,0,0
28,1,144.8,66.7,31.79,107.7,177.9,283.3,75,1,0,1,1
43,0,159.4,35.0,13.78,134.3,110.1,245.2,88,0,1,1,0
20,0,159.0,66.2,26.18,109.0,119.4,258.6,85,1,2,1,0
63,0,181.4,73.2,22.25,82.1,82.0,201.2,69,0,1,0,0
27,1,164.0,82.4,30.65,119.8,83.9,185.6,87,1,2,1,1
43,1,150.0,93.4,41.49,110.6,138.5,173.0,77,1,0,0,1
30,1,173.8,100.5,33.27,87.5,91.7,232.5,67,0,1,0,0
70,0,152.7,88.7,38.04,123.8,102.2,179.5,78,0,1,0,1
36,0,162.4,61.6,23.35,102.1,136.7,192.5,59,1,0,0,0
27,1,157.3,65.4,26.44,181.9,91.9,221.9,85,0,1,0,1
54,0,159.4,81.1,31.91,90.7,145.0,173.6,83,1,3,0,0
54,0,174.4,77.8,25.59,95.7,117.2,241.8,76,1,2,0,0
52,0,180.2,94.4,29.07,137.4,113.7,199.3,51,0,2,0,0
78,0,152.3,107.2,46.24,117.3,80.6,139.7,88,0,2,0,0
24,1,171.3,104.0,35.46,137.0,115.3,173.2,80,0,1,1,1
61,0,157.7,92.4,37.17,127.6,87.1,252.3,74,1,3,0,1
58,0,158.0,77.9,31.22,108.4,114.1,162.5,72,1,1,1,1
77,0,169.9,90.2,31.26,92.4,96.9,235.8,68,0,2,0,0
60,0,154.7,94.9,39.65,141.4,129.0,204.9,70,1,1,1,1
47,1,169.7,67.8,23.54,94.2,99.0,193.1,84,1,2,1,0
26,1,172.3,62.0,20.89,131.2,161.1,300.5,68,0,0,1,1
28,0,160.7,58.5,22.66,138.4,91.7,148.6,71,1,2,1,0
27,0,178.3,56.9,17.89,117.5,84.0,170.4,73,1,0,1,0
31,0,152.3,49.3,21.25,113.9,110.4,199.1,73,1,0,1,1
53,0,178.5,73.7,23.16,100.3,132.3,296.6,67,0,0,0,1
52,0,145.6,55.0,25.96,129.3,132.1,199.2,72,0,2,0,1
67,0,192.0,58.2,15.8,80.0,105.0,211.0,79,1,3,0,0
74,1,160.9,80.5,31.09,134.3,110.2,186.6,64,0,2,0,1
42,0,153.4,72.7,30.91,122.4,110.2,214.3,73,1,1,0,1
43,1,162.7,76.4,28.89,115.5,67.7,189.0,98,0,1,0,1
56,1,154.5,90.5,37.89,124.8,130.7,227.8,74,1,3,1,1
54,0,168.9,83.0,29.09,92.5,62.3,231.0,63,1,3,0,0
63,1,178.7,92.8,29.06,80.0,67.7,190.6,62,1,3,1,0
59,1,155.1,71.2,29.61,129.4,101.7,155.0,59,1,0,1,1
41,1,170.8,94.2,32.28,146.3,90.4,203.7,94,0,3,1,1
46,1,149.7,75.4,33.66,85.2,123.9,256.1,87,1,3,1,0
54,1,175.3,72.5,23.59,99.0,113.4,166.9,59,1,3,1,1
20,1,169.2,91.9,32.12,135.0,104.1,213.4,77,0,2,1,0
54,0,175.8,56.9,18.42,127.2,66.2,151.8,89,0,1,0,0
56,1,163.8,100.4,37.41,179.3,100.8,158.4,74,1,1,1,1
66,1,160.6,65.8,25.48,141.5,98.4,252.0,69,1,3,1,1
33,1,173.2,51.7,17.25,136.7,106.7,227.7,101,0,1,0,1
22,0,151.9,79.8,34.58,104.7,87.1,214.0,52,1,2,0,0
20,1,147.6,64.3,29.54,130.5,115.7,107.1,106,1,1,0,0
24,0,165.0,100.4,36.9,149.9,89.6,177.9,75,1,0,0,1
45,1,161.1,63.5,24.47,116.7,112.9,224.3,90,1,2,0,1
74,0,170.5,74.7,25.69,117.7,123.9,142.0,60,1,1,0,1
33,0,175.9,48.6,15.71,122.8,84.0,185.8,66,1,1,0,0
58,1,170.3,82.2,28.33,106.7,76.8,230.7,62,1,2,1,0
46,1,175.1,58.3,19.02,125.4,114.3,139.6,73,1,1,0,1
28,0,168.2,80.4,28.42,124.9,60.4,132.8,78,1,1,1,0
34,1,169.9,63.6,22.01,149.6,133.3,140.2,87,0,3,0,1
34,0,163.8,39.3,14.64,116.2,100.3,213.4,54,0,0,0,1
45,0,169.7,72.0,25.01,133.5,96.6,177.7,76,0,2,1,1
61,0,166.7,71.3,25.67,116.8,116.4,235.1,85,1,3,0,0
79,0,168.3,83.2,29.4,132.8,114.5,204.8,87,1,1,0,0
32,0,163.3,93.3,34.99,115.0,100.2,275.2,69,1,2,0,1
70,1,173.1,98.7,32.94,131.5,126.4,150.5,69,0,2,0,1
51,0,157.9,83.0,33.28,134.6,79.8,213.3,73,0,0,0,0
58,0,164.8,74.2,27.31,98.7,121.4,168.2,77,1,0,0,0
68,1,178.1,48.6,15.32,142.0,67.6,224.0,90,0,2,0,0
71,0,155.5,73.0,30.2,116.7,115.3,204.8,60,0,0,1,1
51,1,143.4,73.2,35.62,110.6,90.2,160.3,65,1,0,0,0
23,1,168.7,67.0,23.56,105.8,60.7,193.7,59,1,1,1,0
49,1,162.4,79.5,30.13,126.0,107.7,202.9,80,0,0,1,1
56,0,175.1,86.8,28.32,119.9,99.0,176.0,88,1,0,1,1
42,0,163.7,57.7,21.54,127.4,60.0,229.1,57,0,3,1,0
58,0,159.0,57.5,22.75,127.8,60.0,158.8,76,0,1,1,0
64,1,164.2,67.9,25.18,132.2,95.4,283.6,87,0,1,1,1
34,0,175.9,60.8,19.63,175.5,148.5,238.1,84,1,2,1,1
62,1,170.8,45.4,15.56,120.8,109.6,213.9,84,0,0,0,0
48,0,140.7,55.1,27.82,105.3,80.0,313.8,60,0,3,0,0
55,1,166.9,51.5,18.5,80.0,132.5,187.6,84,1,3,0,0
32,0,167.4,88.1,31.46,96.1,127.2,224.5,72,1,1,1,0
51,0,164.8,95.5,35.17,144.7,138.1,208.9,87,0,0,0,1
26,0,158.9,53.6,21.22,134.4,120.5,231.9,80,1,3,1,1
78,1,176.9,78.2,24.97,93.0,126.6,259.8,65,1,2,1,1
70,1,177.4,83.1,26.39,169.3,121.9,222.0,78,0,0,0,1
41,0,143.0,47.6,23.3,126.5,85.7,241.7,84,1,0,1,1
47,0,157.0,72.4,29.37,129.2,60.0,178.0,68,0,0,1,0
21,1,163.6,108.0,40.38,164.9,84.4,191.8,76,1,3,0,0
61,1,174.5,80.2,26.33,154.8,133.1,265.5,58,1,1,1,1
64,1,165.3,66.3,24.26,135.6,88.6,223.9,81,0,1,0,0
76,0,158.2,61.6,24.62,136.6,95.6,209.9,74,0,2,1,1
72,1,172.1,39.7,13.39,138.5,65.0,169.9,85,1,3,1,1
25,0,162.9,77.1,29.04,115.2,83.5,238.7,81,1,0,0,0
47,1,163.8,99.2,36.97,125.7,99.7,168.7,70,1,2,0,0
47,0,164.7,57.8,21.3,131.5,114.8,157.0,64,0,2,0,0
63,1,170.7,41.0,14.05,117.5,86.2,204.6,62,1,1,1,1
63,1,161.9,60.0,22.9,100.7,84.1,103.9,68,0,0,1,0
39,1,171.9,83.2,28.17,114.7,125.3,224.4,85,1,0,0,1
49,1,164.3,63.6,23.56,100.2,109.8,215.1,53,1,3,0,0
30,1,154.3,57.7,24.22,121.3,113.5,185.9,62,1,3,0,0
77,0,164.6,70.3,25.93,84.4,145.8,189.5,85,1,3,1,0
74,1,154.8,73.4,30.63,126.8,84.8,195.2,90,1,2,1,0
47,1,165.4,49.2,17.97,87.4,98.5,168.4,63,0,0,0,0
44,1,173.3,66.7,22.22,111.9,116.5,207.4,62,0,1,0,0
58,0,154.3,62.5,26.28,130.1,73.9,190.0,91,0,2,0,0
52,1,168.6,60.4,21.23,135.8,106.9,204.5,73,1,2,1,1
20,0,156.7,54.7,22.29,133.4,100.7,193.8,64,0,1,0,0
76,1,167.0,84.1,30.16,126.4,183.3,185.9,87,0,1,0,1
46,1,173.6,60.3,20.02,97.6,103.0,211.1,81,1,3,0,0
76,0,143.7,40.1,19.41,139.6,134.7,231.2,83,1,1,1,1
71,1,153.9,74.0,31.25,98.1,124.9,179.0,64,0,1,1,1
32,0,161.3,80.9,31.08,141.9,65.3,215.8,79,0,1,0,0
60,0,168.2,58.1,20.53,132.6,60.0,220.8,89,0,1,1,0
22,1,163.3,61.6,23.09,147.2,107.4,148.6,82,0,3,0,0
58,0,164.5,60.3,22.26,120.5,137.7,239.1,86,0,2,0,0
25,1,185.4,64.8,18.85,103.6,108.6,282.3,91,0,0,0,1
27,1,152.9,86.6,37.06,94.1,102.4,196.5,80,0,0,0,0
46,0,176.4,68.3,21.96,96.4,91.5,193.2,68,1,2,1,0
28,0,161.5,82.6,31.67,87.3,60.3,191.5,85,0,0,0,0
56,0,170.5,55.5,19.08,138.8,71.2,224.8,61,1,0,0,0
52,0,186.3,64.2,18.51,141.3,60.0,220.4,72,1,2,1,0
70,1,171.9,84.3,28.54,131.1,66.9,136.4,82,1,0,0,1
61,1,168.7,57.9,20.34,119.3,84.2,165.4,45,0,0,1,0
63,0,181.0,85.2,26.0,161.2,123.3,220.3,78,0,2,0,1
43,1,176.2,60.6,19.5,118.0,86.6,194.2,78,1,0,0,1
34,1,157.0,65.2,26.44,124.4,107.7,153.4,61,0,1,0,0
78,1,167.9,95.1,33.7,119.0,104.1,260.0,78,0,2,0,1
73,1,147.8,63.5,29.04,113.2,115.0,168.0,77,1,3,1,1
51,0,159.6,72.2,28.34,132.6,69.0,201.4,75,0,0,0,0
51,0,168.1,79.2,28.03,107.3,131.8,193.1,89,1,3,1,1
43,1,159.0,73.4,29.04,106.0,60.0,156.9,85,1,0,1,0
60,0,167.7,73.8,26.24,133.6,86.6,207.4,82,1,1,1,1
71,0,164.9,69.2,25.44,110.0,99.4,215.7,62,1,2,0,0
68,0,170.4,50.5,17.39,122.7,122.8,181.3,74,0,3,1,0
68,1,160.8,75.2,29.11,113.2,141.4,186.6,89,1,2,1,1
77,1,155.6,59.0,24.37,119.8,123.0,224.0,72,0,3,1,1
71,1,179.8,81.6,25.26,106.5,142.5,121.0,93,0,0,0,1
31,0,160.0,90.6,35.36,107.2,75.1,166.2,83,0,1,0,0
58,1,171.6,42.9,14.57,103.6,135.7,208.5,95,0,3,1,1
21,1,179.4,90.6,28.17,136.9,130.6,178.9,62,1,3,1,0
22,0,166.6,63.8,22.99,123.4,60.0,178.4,73,1,1,0,0
68,1,156.4,68.0,27.8,138.4,93.4,236.1,74,1,1,1,1
56,1,163.2,56.3,21.14,140.5,118.1,174.7,82,1,1,1,1
68,0,175.2,72.8,23.73,110.8,84.5,279.2,66,1,1,1,1
75,0,167.1,71.0,25.44,137.6,67.4,129.8,55,0,1,0,0
36,0,152.9,86.2,36.83,119.7,163.4,111.5,79,1,2,1,1
78,1,171.0,58.9,20.14,116.8,103.3,235.2,70,0,0,1,1
68,1,172.7,94.9,31.82,145.0,104.2,160.6,69,0,0,0,1
21,1,161.4,80.0,30.68,131.1,60.7,161.3,66,1,3,1,0
21,0,171.1,71.4,24.38,113.0,81.6,239.4,76,0,1,0,0
47,0,167.5,67.3,24.0,129.8,73.1,180.1,62,0,2,0,0
73,1,163.0,65.4,24.61,94.7,132.4,236.4,72,1,2,0,1
42,1,152.1,66.4,28.71,124.9,115.1,175.6,65,1,3,1,1
56,0,175.8,72.5,23.47,90.0,82.9,214.5,67,1,1,1,1
51,0,172.6,66.9,22.45,100.3,116.8,179.5,79,0,0,1,1
52,0,170.8,60.4,20.69,131.7,92.4,163.2,82,1,1,1,0
20,0,180.4,72.6,22.3,80.0,107.0,269.2,71,1,2,1,0
38,1,174.5,57.5,18.88,156.1,106.9,244.7,86,0,1,1,0
21,0,171.9,74.8,25.34,136.7,112.6,170.9,63,1,0,1,1
72,1,142.9,66.7,32.66,83.2,109.0,192.9,56,0,0,1,1
63,1,177.0,80.5,25.69,168.0,112.6,259.0,58,0,3,0,1
45,1,165.8,84.8,30.85,173.5,137.7,160.5,62,1,2,1,1
51,0,168.1,84.8,30.01,116.4,119.2,162.6,59,0,1,1,0
25,0,168.2,74.8,26.43,101.5,89.9,218.8,99,0,1,0,0
51,0,172.7,76.5,25.65,153.7,97.1,290.8,56,1,3,1,1
74,0,176.2,65.2,20.98,113.1,136.9,202.2,86,1,3,0,1
23,1,171.3,80.2,27.31,123.2,103.4,242.0,74,1,3,1,1
74,0,169.8,81.9,28.41,144.3,88.8,159.3,77,0,2,1,0
30,0,167.3,46.5,16.61,116.9,81.1,214.4,64,0,1,0,0
75,1,140.0,75.7,38.61,115.2,108.2,185.6,78,1,3,0,1
78,0,162.1,90.5,34.44,94.6,74.4,274.7,64,1,2,1,1
36,1,155.6,64.7,26.71,107.4,138.5,263.9,86,1,1,0,1
57,1,177.1,61.4,19.57,114.8,68.9,291.2,87,0,0,1,0
43,1,171.2,63.7,21.74,95.2,144.3,172.2,73,1,3,1,0
24,1,160.4,47.4,18.43,97.0,91.4,201.4,74,0,2,1,0
71,1,161.4,71.9,27.59,120.7,67.7,215.0,80,1,1,1,1
53,1,161.1,70.4,27.16,83.0,105.7,173.7,79,0,1,1,0
25,1,160.9,73.0,28.19,102.4,71.4,205.2,87,0,3,1,0
41,1,150.6,76.2,33.64,158.9,101.0,236.4,86,1,3,0,1
30,0,148.4,58.0,26.35,113.1,82.7,178.0,74,0,1,0,0
67,0,165.3,74.1,27.12,110.6,128.4,171.9,69,0,2,0,1
35,0,175.8,76.6,24.81,113.0,104.1,169.2,84,1,0,1,1
52,0,159.6,62.7,24.6,113.3,64.3,146.3,73,1,1,0,1
28,1,168.0,76.3,27.02,131.5,82.1,234.2,76,0,2,1,0
79,0,172.3,71.2,23.98,130.1,121.1,171.8,81,0,3,0,1
78,1,155.1,60.5,25.17,112.2,138.6,167.6,86,0,1,1,1
25,0,164.8,74.2,27.34,115.7,98.6,221.2,78,1,3,1,1
35,0,158.3,65.6,26.18,146.3,68.7,199.6,67,0,0,1,1
48,0,181.1,80.5,24.54,89.8,131.6,179.0,96,0,3,1,0
22,1,180.6,66.4,20.36,118.8,121.0,232.4,93,1,0,1,1
39,0,155.1,50.7,21.06,122.7,139.2,177.4,62,1,3,0,1
79,1,168.9,74.0,25.95,104.5,108.7,112.9,64,1,3,1,0
78,1,175.7,73.4,23.8,117.7,84.4,253.3,65,1,0,0,1
55,0,173.5,53.8,17.87,101.8,115.5,166.9,85,1,3,1,1
38,0,165.8,81.3,29.55,132.7,109.8,171.2,97,0,2,1,1
45,0,178.1,80.5,25.38,93.2,82.8,171.4,68,0,3,1,0
22,1,156.0,57.0,23.42,141.2,106.0,202.4,77,0,1,0,1
38,0,162.0,60.1,22.91,118.5,94.1,189.0,65,1,3,1,0
39,1,156.2,67.9,27.81,111.0,122.3,239.5,95,1,2,0,0
51,1,172.8,58.6,19.63,99.9,114.8,265.8,84,1,1,1,1
26,0,159.2,79.6,31.42,140.6,68.5,172.8,65,0,2,0,0
71,0,163.3,72.2,27.09,107.0,65.4,162.5,49,1,1,0,0
60,1,171.2,53.6,18.29,96.7,97.3,179.1,87,1,3,0,0
52,1,172.0,57.7,19.5,141.0,101.0,217.6,68,1,2,1,1
59,1,155.9,87.8,36.12,101.9,122.8,195.3,85,0,3,1,1
58,0,175.6,93.0,30.18,118.1,115.4,180.0,78,1,1,0,1
37,1,169.6,78.1,27.16,136.4,143.8,148.1,52,1,2,1,1
59,0,154.2,66.8,28.11,123.2,86.0,111.6,65,0,0,1,0
20,1,151.7,63.4,27.54,154.6,84.3,159.8,70,1,2,1,0
30,1,164.8,78.2,28.8,103.3,71.2,250.6,66,1,3,0,0
47,0,173.5,71.1,23.63,115.8,122.5,217.4,76,1,0,0,0
76,1,173.8,45.8,15.19,117.3,100.7,192.3,79,0,0,1,1
44,0,168.6,85.5,30.08,132.4,60.0,229.2,96,1,1,0,0
69,0,165.5,90.2,32.93,145.8,106.1,148.5,80,1,0,1,1
42,1,170.1,81.1,28.01,121.5,108.0,202.3,92,0,0,1,1
50,0,156.4,53.6,21.91,117.2,95.7,128.5,69,0,1,0,0
49,0,181.9,60.4,18.28,90.3,108.9,213.8,88,1,2,0,0
61,1,181.7,42.1,12.76,122.2,63.4,210.4,70,0,3,1,0
54,0,169.3,93.9,32.78,107.0,149.2,211.3,63,1,2,1,1
26,0,167.0,64.6,23.19,132.4,111.4,246.7,63,0,0,1,1
79,0,160.9,105.0,40.56,111.8,60.0,231.0,45,1,3,0,0
35,1,170.3,99.3,34.25,115.2,99.8,151.6,85,1,2,0,0
45,0,158.1,56.4,22.59,90.8,112.2,247.3,59,1,3,1,0
67,1,142.8,59.4,29.13,83.8,66.6,191.6,91,0,0,1,0
76,1,140.0,77.0,39.28,157.2,116.0,121.2,72,0,2,0,0
71,0,157.0,43.7,17.72,122.6,150.4,195.6,56,1,3,1,1
79,0,166.6,63.4,22.86,128.1,80.7,225.9,61,1,3,0,1
68,0,168.3,61.9,21.86,101.8,112.9,159.4,77,1,2,0,0
21,1,160.1,97.8,38.13,137.5,106.3,253.3,52,1,2,1,1
20,0,166.4,72.4,26.15,133.9,129.0,163.1,82,0,0,1,1
67,0,162.3,65.7,24.97,104.0,96.7,180.8,56,0,1,0,0
31,0,155.0,60.5,25.19,98.8,68.0,173.4,66,1,3,1,0
24,0,164.5,83.4,30.84,105.3,127.1,131.6,77,0,2,0,1
56,0,173.1,62.5,20.87,119.4,69.8,160.3,80,0,2,0,0
51,1,155.5,69.2,28.65,123.3,154.3,171.5,84,0,2,0,1
78,1,155.5,60.4,25.0,120.8,116.8,194.8,59,1,3,1,1
74,0,154.3,47.2,19.84,146.0,82.0,100.0,71,1,0,1,1
28,0,145.6,55.1,25.96,105.7,133.3,228.7,88,0,1,1,1
60,0,160.2,62.5,24.34,98.3,99.7,228.3,71,0,3,0,0
54,0,172.1,66.1,22.29,120.0,93.4,247.3,78,1,0,0,1
38,1,166.7,66.7,23.99,86.1,79.6,140.3,76,1,3,0,0
67,0,163.3,68.7,25.75,133.9,60.0,188.3,90,1,3,0,0
35,1,166.3,62.7,22.66,122.0,118.1,237.7,69,0,2,1,0
22,1,160.1,90.2,35.2,113.2,60.0,241.1,58,0,0,1,0
39,0,145.5,84.2,39.77,112.1,76.2,259.2,63,0,2,1,1
43,1,172.8,68.0,22.75,138.2,113.0,204.1,77,1,2,0,0
73,1,175.7,73.8,23.91,137.6,85.0,197.8,56,1,0,0,1
75,1,157.7,64.4,25.9,115.1,104.7,137.7,68,1,2,1,1
52,1,163.5,35.0,13.09,131.8,63.6,242.6,75,1,2,0,1
43,0,162.6,70.3,26.58,137.3,89.5,181.6,65,1,1,1,1
71,0,168.5,74.6,26.27,126.7,104.9,201.4,78,0,0,0,1
30,1,181.9,45.8,13.85,115.9,71.5,198.7,83,0,0,0,0
68,0,176.6,77.5,24.85,127.6,150.6,104.2,80,0,2,0,1
27,0,161.2,65.8,25.31,99.2,80.9,167.5,56,1,2,0,0
55,0,170.4,75.1,25.85,121.4,141.4,218.2,75,0,0,0,0
57,0,177.5,66.2,21.02,115.3,95.0,198.1,76,1,0,1,1
59,0,169.1,88.8,31.05,112.2,60.0,218.5,70,0,3,1,0
39,1,165.0,73.4,26.97,85.5,65.9,231.4,78,0,0,1,0
54,0,169.5,85.0,29.61,99.4,105.3,167.1,78,1,3,0,0
67,0,158.0,86.3,34.57,110.3,131.0,179.4,73,0,2,1,1
44,0,159.4,53.2,20.93,137.9,153.1,194.4,62,0,1,1,1
54,0,154.4,58.9,24.73,125.7,103.8,230.9,74,0,1,0,1
44,1,168.1,76.8,27.18,138.8,64.7,190.6,97,0,3,0,0
48,1,163.7,64.5,24.08,144.9,108.4,128.8,70,0,2,1,0
37,1,156.8,66.4,27.03,126.6,75.2,192.1,87,0,2,1,0
65,1,163.4,89.3,33.46,122.8,111.8,229.3,75,0,2,1,1
37,0,169.7,65.3,22.69,100.5,71.8,254.3,65,1,0,1,0
21,1,184.1,55.5,16.36,159.7,60.0,211.2,71,0,2,1,0
73,0,175.1,57.5,18.75,91.6,139.5,140.6,74,1,0,0,1
54,0,142.2,102.7,50.84,122.4,93.2,183.7,82,0,3,1,1
35,0,167.4,67.3,24.03,136.7,101.5,219.0,103,1,1,1,1
60,0,179.3,49.5,15.41,136.9,129.9,234.6,75,1,3,1,1
55,0,151.6,43.5,18.9,96.9,156.4,220.3,60,0,2,1,1
52,1,170.5,60.6,20.85,111.6,121.6,189.9,55,1,2,1,0
23,1,162.6,67.1,25.35,104.0,103.1,234.3,69,1,3,1,0
52,1,176.5,84.2,27.04,80.4,113.9,174.4,61,0,0,0,0
33,1,169.0,82.8,28.97,122.6,91.2,207.4,81,1,0,0,0
40,0,156.2,69.9,28.67,105.6,101.1,230.0,81,0,0,0,0
67,1,163.0,63.2,23.78,150.1,104.3,223.1,73,1,1,1,1
39,0,163.6,75.1,28.06,132.3,76.4,224.0,82,1,1,1,0
75,1,163.8,43.8,16.32,120.8,100.6,223.0,75,1,2,0,0
27,0,176.2,99.7,32.12,110.5,111.0,158.1,97,1,3,1,1
26,0,156.6,79.8,32.56,122.3,115.5,200.7,82,0,3,1,0
22,1,175.0,83.0,27.09,114.9,113.1,163.6,85,0,2,1,1
36,0,162.0,53.9,20.54,121.4,60.0,188.4,57,0,0,0,0
52,0,167.2,89.2,31.91,158.0,136.9,153.2,60,0,1,0,0
67,1,165.7,63.1,22.98,98.7,134.4,213.8,80,0,3,0,1
31,0,164.8,55.7,20.52,116.6,97.1,121.4,56,1,2,1,0
78,1,164.9,69.4,25.54,134.1,113.7,224.7,67,0,0,0,0
70,1,179.6,69.1,21.42,112.0,93.5,200.6,89,1,0,0,0
41,1,173.4,53.8,17.9,151.6,122.6,276.1,67,0,1,0,1
74,0,161.4,56.6,21.73,133.6,75.6,191.8,60,0,1,1,1
41,0,180.8,55.4,16.94,105.6,140.3,191.8,83,0,2,0,0
65,0,167.7,55.5,19.74,124.1,121.1,227.3,99,0,2,0,0
49,1,168.6,64.2,22.58,105.9,121.8,194.1,65,1,0,1,1
57,0,156.6,49.2,20.04,104.1,96.8,211.0,89,0,0,0,0
57,1,160.0,59.6,23.29,117.2,60.0,239.8,63,1,3,1,1
64,1,158.1,85.7,34.27,145.3,126.5,189.3,73,1,0,1,1
70,0,165.9,82.3,29.93,134.9,60.0,247.8,74,0,2,0,0
73,1,171.4,54.3,18.47,119.5,126.9,132.8,65,1,1,0,0
27,0,168.7,84.4,29.66,135.6,76.8,264.1,85,1,2,0,1
46,0,180.9,40.5,12.38,125.4,60.0,128.5,56,0,3,1,0
46,0,156.1,106.4,43.67,96.6,100.0,254.1,77,1,3,0,0
53,0,166.1,89.5,32.42,117.1,135.5,125.3,87,0,1,0,1
40,0,152.2,61.6,26.6,118.5,71.0,279.2,84,0,2,0,0
49,1,155.8,75.7,31.21,135.2,148.0,206.4,80,1,3,1,1
52,1,177.6,49.0,15.52,108.7,119.7,162.2,94,1,2,1,1
47,1,160.4,70.9,27.57,101.7,104.7,274.6,72,1,3,1,1
66,0,157.0,67.2,27.29,119.1,86.9,156.4,56,1,1,0,0
52,0,143.7,57.5,27.83,107.1,89.0,190.9,76,1,3,0,0
24,0,156.9,63.0,25.59,113.5,112.9,304.2,73,1,2,1,1
79,1,162.9,61.5,23.16,118.4,125.4,215.8,49,1,2,0,1
67,0,151.4,53.0,23.12,112.3,82.2,119.0,61,0,3,0,0
38,1,162.4,57.1,21.67,139.3,75.8,189.1,59,0,0,1,0
23,1,177.7,48.4,15.32,148.3,93.6,185.5,65,0,1,1,0
54,0,157.9,82.9,33.22,137.3,141.8,207.5,70,1,1,1,1
68,0,155.6,56.0,23.15,84.6,63.5,198.2,71,1,3,0,0
36,1,153.8,51.7,21.85,107.2,134.3,221.8,65,1,3,0,0
63,0,153.6,82.6,35.03,116.4,101.3,138.9,59,0,0,0,1
47,1,170.4,75.5,26.03,83.1,60.0,178.1,79,0,1,1,0
49,0,165.5,82.1,29.97,102.5,86.2,212.5,76,0,0,1,0
48,0,174.6,83.7,27.48,116.2,118.3,169.5,76,1,1,0,1
65,1,185.2,99.1,28.88,111.0,154.1,243.8,96,0,3,1,1
72,0,146.7,67.7,31.44,120.2,60.2,170.3,76,0,1,1,1
25,1,168.8,48.1,16.89,92.4,60.0,205.7,70,1,1,0,0
54,0,153.8,74.1,31.31,110.8,60.7,195.8,73,0,1,1,0
79,1,172.9,60.0,20.06,123.0,133.9,159.4,76,0,0,0,1
60,1,162.3,55.6,21.13,120.2,60.0,202.4,82,0,0,1,1
56,0,165.3,71.5,26.18,128.9,144.9,147.5,74,1,1,0,1
43,1,152.2,83.0,35.84,127.8,136.4,182.3,51,0,2,1,1
48,0,160.7,57.5,22.24,111.9,105.7,201.2,69,1,0,0,0
68,0,165.9,89.1,32.38,122.4,81.2,142.9,75,1,3,1,1
65,0,178.6,55.2,17.3,104.0,101.7,224.9,90,0,3,1,1
72,1,157.1,66.3,26.9,114.6,118.3,210.4,65,0,1,1,1
50,1,159.5,75.8,29.8,98.9,113.8,221.3,55,1,3,1,0
54,0,174.4,64.2,21.09,141.3,152.2,200.1,75,1,0,1,1
79,0,156.4,43.4,17.72,114.5,92.2,154.0,85,1,2,0,0
52,1,176.4,83.9,26.96,141.3,61.0,200.0,70,1,2,0,0
71,0,164.9,60.6,22.3,126.2,60.0,224.9,103,1,2,0,0
40,0,168.0,81.2,28.75,102.3,60.0,152.4,100,0,3,1,0
51,1,168.7,51.0,17.94,125.0,105.9,155.6,74,1,1,0,1
42,0,158.8,53.6,21.24,136.2,93.0,190.2,77,0,3,1,1
52,1,168.9,82.9,29.07,118.4,101.0,185.1,91,1,1,1,1
22,0,157.3,75.1,30.36,121.5,83.9,199.4,73,0,2,0,0
37,1,160.0,63.4,24.78,109.0,66.7,188.3,65,1,0,0,0
44,0,170.6,75.3,25.89,120.5,118.4,206.4,85,0,3,1,0
61,0,167.9,55.7,19.75,124.8,60.0,248.9,80,0,0,1,1
50,1,164.3,71.7,26.56,108.4,76.0,221.5,65,1,2,0,1
73,0,152.4,71.9,30.96,98.4,123.6,202.2,78,1,1,0,1
77,1,154.9,64.4,26.83,145.8,73.0,155.7,73,0,0,1,1
22,0,167.8,57.5,20.42,132.1,111.8,171.1,70,0,3,1,0
59,1,172.3,71.1,23.93,109.0,76.0,233.7,65,0,0,0,1
65,1,153.9,69.2,29.2,124.4,86.3,181.3,76,1,0,1,1
43,1,156.6,63.0,25.69,90.4,117.2,161.3,71,1,3,1,0
69,1,166.3,54.5,19.69,80.5,61.7,283.9,78,1,1,0,1
51,0,166.1,70.2,25.43,141.7,122.4,261.0,84,1,3,0,0
66,0,148.8,63.1,28.49,124.6,101.4,195.0,77,0,2,1,1
41,1,166.6,54.5,19.62,119.0,137.7,156.7,77,1,1,1,1
42,1,159.0,70.7,27.94,124.7,106.2,228.9,68,1,0,0,1
21,1,181.4,94.1,28.6,184.5,67.9,180.4,89,1,3,1,1
46,0,167.5,64.5,22.99,137.4,151.8,235.5,64,1,2,0,1
61,0,169.2,92.5,32.29,99.1,70.4,180.4,55,1,3,1,0
21,0,169.5,101.7,35.41,86.4,93.2,265.8,62,0,1,0,0
45,0,152.9,55.7,23.84,141.1,128.7,179.3,87,1,2,1,1
36,1,184.4,70.1,20.62,137.1,60.0,294.6,80,0,0,1,1
59,1,148.8,101.6,45.88,131.5,143.2,207.8,90,1,1,1,1
52,1,173.0,68.2,22.79,103.7,65.5,255.4,59,1,2,0,0
28,0,171.2,70.6,24.08,127.3,86.4,178.4,102,1,1,0,1
62,0,160.2,44.9,17.51,105.5,108.7,147.5,71,1,0,0,1
73,0,171.7,62.0,21.05,133.3,98.7,107.8,53,0,2,1,1
67,1,161.8,78.3,29.91,139.7,123.7,251.1,101,0,3,1,1
58,1,158.2,106.4,42.5,109.1,60.0,202.7,59,1,3,0,0
48,0,169.7,67.1,23.29,142.6,121.8,150.1,70,0,0,0,1
61,1,154.9,45.1,18.77,122.3,124.2,252.7,72,0,2,1,1
74,0,162.8,48.9,18.47,129.8,130.9,246.2,80,1,0,1,1
45,0,159.1,69.5,27.46,93.8,60.0,255.3,65,0,0,1,0
54,1,161.6,87.7,33.55,124.6,60.0,146.4,87,0,1,1,0
69,0,169.3,79.6,27.75,106.5,89.7,249.9,84,1,3,0,0
44,1,159.1,76.9,30.4,129.5,60.0,215.4,75,1,0,0,0
43,0,163.1,89.6,33.71,149.3,60.0,257.1,90,0,1,1,1
32,1,160.0,59.2,23.13,125.8,88.4,221.7,74,1,0,1,1
79,1,179.4,70.3,21.83,102.0,107.0,206.9,71,1,0,1,1
77,1,168.4,62.2,21.92,132.5,184.0,250.4,98,1,0,0,1
26,0,167.2,65.9,23.58,128.0,116.5,234.1,78,0,3,0,1
76,0,171.8,54.9,18.6,161.2,152.6,243.3,63,1,2,1,1
55,1,159.1,64.8,25.63,125.1,98.7,180.5,64,1,3,1,1
64,1,173.6,69.6,23.09,108.3,116.8,193.1,75,0,1,1,0
39,0,168.5,64.4,22.7,135.4,95.6,130.6,46,0,2,1,0
20,0,149.4,67.6,30.28,117.4,180.5,177.6,67,0,1,1,1
27,0,150.7,76.1,33.49,121.6,79.4,231.6,73,0,0,1,0
65,1,159.3,88.6,34.92,101.4,83.5,222.6,72,0,2,0,0
35,0,151.8,89.7,38.92,117.6,123.9,160.8,59,1,1,0,1
33,0,162.6,81.4,30.79,120.6,106.2,251.3,69,0,0,0,1
31,1,154.9,51.1,21.31,117.4,87.3,318.9,89,1,1,1,1
70,0,164.0,64.6,24.01,108.2,128.8,163.9,86,0,1,1,1
42,0,179.1,65.9,20.54,125.8,98.8,191.8,76,1,3,1,0
34,0,164.5,60.1,22.22,101.5,98.6,175.1,74,1,0,0,0
47,1,162.0,75.1,28.64,96.8,106.9,196.2,73,0,3,1,0
53,1,168.9,46.1,16.16,134.2,60.0,211.0,77,0,2,0,0
21,1,158.0,95.4,38.2,132.4,60.0,172.1,76,0,0,1,0
51,1,173.4,87.9,29.23,93.8,132.6,188.9,78,0,3,1,1
42,1,170.0,77.2,26.72,83.4,79.7,203.5,81,0,3,1,0
41,1,165.4,69.1,25.25,99.8,96.0,218.9,60,0,2,0,0
70,1,166.5,88.4,31.88,117.4,148.4,258.7,71,1,1,0,1
44,0,185.4,80.3,23.37,143.1,97.4,199.4,77,1,1,0,1
77,0,174.4,86.6,28.46,116.9,93.7,177.5,63,1,1,1,0
41,1,187.0,69.1,19.77,104.6,126.9,227.9,66,1,2,0,0
77,0,170.3,96.8,33.38,123.0,82.1,216.0,72,1,3,1,1
77,0,150.3,87.5,38.74,117.7,136.1,192.3,72,0,0,1,1
41,1,162.4,77.6,29.45,92.4,126.3,219.4,77,0,2,0,0
68,0,148.0,88.8,40.56,92.5,154.9,184.7,64,1,1,0,1
71,0,170.3,63.7,21.97,93.0,79.3,178.8,86,1,1,1,1
61,0,172.5,52.5,17.65,169.6,141.0,124.0,72,0,0,1,1
25,0,156.1,74.8,30.69,137.2,116.6,186.9,76,0,2,1,0
34,0,158.4,69.1,27.54,108.1,60.2,129.5,70,0,1,1,0
73,1,166.5,67.0,24.18,142.2,60.0,174.4,77,0,2,0,0
62,1,153.0,88.2,37.69,108.6,76.1,223.2,95,1,3,0,1
79,1,152.3,72.5,31.27,141.5,108.8,139.8,70,1,2,0,0
56,0,177.4,74.0,23.5,121.6,113.1,192.4,68,0,3,1,1
52,1,166.1,65.1,23.58,106.8,98.2,202.6,65,0,0,1,1
27,0,159.4,83.2,32.74,133.6,98.5,190.5,74,1,3,1,1
72,0,148.1,80.5,36.73,122.8,96.2,180.7,74,1,3,0,1
79,0,173.5,83.1,27.6,128.0,130.9,213.0,75,1,0,1,1
63,0,158.2,62.5,25.0,124.3,60.0,218.6,80,0,1,1,0
63,1,183.6,89.6,26.57,124.1,108.0,200.1,79,1,0,0,1
24,1,173.6,97.6,32.38,136.0,75.3,183.0,74,0,2,0,0
58,0,156.9,82.6,33.56,171.7,72.8,234.6,98,0,0,1,1
23,1,157.8,57.9,23.22,145.0,135.3,147.6,83,0,2,0,0
25,0,182.2,58.0,17.46,124.4,70.5,227.5,61,1,1,1,0
64,1,164.2,64.4,23.89,113.8,95.8,216.8,56,1,2,0,1
51,1,159.9,61.5,24.08,116.0,158.8,208.0,66,0,0,1,1
71,0,165.3,68.9,25.24,94.9,125.1,199.6,76,1,0,0,0
49,1,159.8,79.5,31.12,133.3,86.4,124.4,65,0,1,0,0
66,0,167.4,74.3,26.53,99.7,88.8,255.5,67,1,0,0,0
54,1,164.2,73.0,27.07,112.6,63.2,233.5,75,0,1,0,0
74,0,173.8,66.4,21.99,133.4,139.0,161.5,70,0,1,1,1
59,0,161.1,68.9,26.54,115.3,130.3,230.4,50,1,0,1,1
71,1,156.2,81.9,33.61,110.2,120.6,207.6,87,1,3,0,1
35,1,161.5,39.8,15.27,96.1,123.9,176.7,85,0,2,1,0
32,0,161.4,69.8,26.79,144.1,76.8,247.7,59,1,3,0,0
69,1,164.2,74.3,27.56,103.3,60.0,182.8,75,0,1,0,0
79,1,171.3,81.8,27.85,108.3,116.8,254.2,61,0,2,1,0
61,0,170.8,54.8,18.8,84.2,126.7,221.4,67,0,3,1,1
49,0,177.0,54.1,17.26,119.6,148.2,238.3,80,0,0,1,1
38,1,156.9,78.8,32.0,113.3,94.0,223.2,84,0,3,1,0
36,0,168.9,41.4,14.53,123.6,89.6,221.3,84,0,2,1,0
75,0,172.3,90.0,30.32,96.5,92.8,208.6,77,0,2,1,0
38,0,158.3,73.4,29.31,134.7,120.1,170.9,90,0,2,1,1
47,1,162.9,93.4,35.18,83.2,91.5,202.5,67,1,2,0,0
77,1,147.5,53.7,24.68,118.2,98.4,236.7,70,1,3,1,1
74,0,174.1,63.5,20.94,122.3,124.9,228.8,45,0,0,0,1
45,1,162.8,35.0,13.2,121.2,81.2,220.1,73,0,0,1,0
56,0,173.1,58.1,19.39,123.2,141.7,116.2,81,0,2,1,0
45,1,167.1,67.2,24.09,135.8,119.0,191.5,78,1,0,0,0
72,0,163.1,40.6,15.24,146.5,60.0,187.3,67,0,3,0,0
42,0,149.1,64.1,28.84,116.9,84.5,155.9,85,0,0,0,1
28,1,150.9,40.2,17.66,100.6,60.0,236.2,74,0,1,0,0
31,0,140.0,66.1,33.74,131.2,94.1,119.0,84,1,0,1,1
72,1,159.4,87.2,34.33,114.4,85.1,233.5,80,1,2,1,1
20,1,187.8,69.5,19.7,145.3,125.0,253.2,92,1,0,0,1
77,0,152.1,94.9,41.0,108.0,73.6,191.6,79,0,0,0,0
77,0,140.0,81.8,41.73,102.8,111.6,197.0,82,0,0,1,1
20,1,174.6,90.2,29.59,122.9,117.1,238.7,74,1,0,1,1
66,0,188.6,58.5,16.45,85.2,107.7,169.5,68,0,1,0,0
53,0,168.0,58.2,20.61,110.7,134.2,226.4,80,1,3,1,0
51,0,167.9,75.2,26.67,113.4,162.0,163.3,93,1,2,1,1
73,0,161.9,46.3,17.68,124.4,103.4,151.3,67,0,2,0,0
67,0,147.1,77.1,35.64,100.1,112.2,211.8,72,0,0,0,0
44,1,150.5,65.1,28.76,102.4,73.6,198.9,75,0,3,0,0
59,1,161.8,89.9,34.35,143.1,69.4,131.2,83,0,0,0,1
64,0,159.9,80.2,31.36,119.7,131.0,256.6,79,1,1,1,1
72,0,163.8,86.5,32.2,137.3,127.0,183.4,85,1,3,0,1
20,0,173.3,58.7,19.54,109.2,69.1,220.4,98,1,3,1,0
35,1,159.2,85.7,33.83,118.9,60.8,264.2,67,1,3,1,1
58,0,173.5,91.7,30.45,124.3,80.5,209.9,82,1,3,1,1
24,1,159.2,69.4,27.37,155.0,95.8,250.9,78,1,0,1,1
41,1,175.4,58.9,19.15,115.6,87.7,165.5,75,0,1,0,0
48,1,165.9,59.2,21.51,116.7,104.8,256.8,82,1,3,1,1
74,0,160.6,88.6,34.33,142.0,127.5,167.0,71,0,2,0,1
22,1,165.7,110.3,40.16,112.4,113.9,177.2,78,0,2,1,0
31,0,162.1,55.3,21.05,125.7,116.1,141.8,59,1,1,0,0
45,1,166.1,54.1,19.61,140.2,60.0,210.7,68,1,2,1,1
35,0,172.6,83.8,28.14,108.5,60.0,225.2,87,0,0,1,0
70,1,164.1,58.7,21.79,126.8,76.1,230.7,87,0,0,0,1
56,0,161.3,85.3,32.77,154.9,81.1,142.7,78,1,1,0,0
41,1,153.8,77.0,32.56,138.4,125.2,215.0,69,1,3,0,1
76,0,170.8,69.6,23.87,125.7,73.6,216.5,84,0,2,0,1
48,0,168.5,76.6,26.99,115.5,120.0,224.6,89,1,2,1,0
33,0,153.2,75.7,32.26,107.9,76.4,169.1,70,1,1,1,0
47,0,173.4,67.3,22.4,100.2,64.0,100.0,57,1,1,1,0
24,1,153.0,43.7,18.64,150.2,65.4,228.3,80,1,2,1,1
66,1,175.3,72.7,23.65,146.3,167.7,194.2,85,1,3,1,1
68,0,171.9,93.6,31.68,106.9,75.8,211.2,82,0,1,0,1
49,1,169.2,45.9,16.02,126.8,120.7,196.2,93,1,0,0,0
65,0,161.2,55.5,21.36,122.2,60.0,209.4,93,1,2,1,0
71,0,170.8,76.4,26.2,143.7,142.6,229.5,71,0,1,0,1
24,1,175.8,70.6,22.85,127.7,110.5,125.7,77,0,1,1,0
31,0,170.9,76.2,26.07,119.5,108.2,245.6,69,1,1,1,0
35,0,158.3,59.5,23.75,109.2,112.4,192.7,62,1,2,0,1
45,1,167.7,87.4,31.1,126.8,115.7,265.1,63,0,0,1,0
45,0,176.3,70.7,22.74,113.0,124.3,181.6,83,1,0,0,1
67,0,187.0,80.5,23.01,124.4,82.0,172.7,78,1,2,1,1
40,0,162.9,74.8,28.17,118.5,80.3,194.1,85,1,1,0,0
58,0,173.6,72.6,24.11,112.6,101.5,220.0,105,0,2,1,1
55,1,176.3,79.4,25.53,100.5,120.5,189.0,80,1,2,1,1
52,1,156.9,72.8,29.58,130.3,98.0,222.9,65,1,1,0,0
49,1,182.8,52.1,15.6,120.9,123.2,184.5,87,0,2,1,0
56,0,154.3,86.3,36.23,155.7,118.5,201.4,65,1,3,1,1
42,0,173.1,82.3,27.46,99.4,93.5,289.5,95,1,0,0,1
77,1,168.1,38.4,13.6,132.5,60.0,214.3,51,1,3,0,0
29,0,165.6,60.2,21.96,118.3,84.9,217.5,68,1,3,0,0
73,0,190.5,85.6,23.61,162.0,152.3,141.1,82,0,3,1,1
24,0,162.0,42.6,16.23,131.0,110.2,254.2,89,0,2,0,0
55,0,161.8,84.2,32.13,126.5,80.8,242.7,66,1,1,0,1
53,1,178.3,67.9,21.35,118.4,107.5,171.4,64,1,2,0,0
71,1,172.6,90.1,30.24,105.9,120.3,241.9,76,1,0,1,1
50,1,177.8,70.0,22.13,126.2,80.8,213.2,97,1,2,0,1
29,0,166.2,59.2,21.43,92.4,137.1,201.9,56,0,2,1,0
77,1,168.2,74.6,26.39,93.3,114.9,251.6,71,0,2,1,1
38,1,184.0,69.5,20.54,140.2,67.0,179.5,78,0,2,0,0
77,0,156.6,57.8,23.57,84.8,125.7,171.1,65,1,3,1,0
51,0,164.0,103.3,38.41,113.6,87.7,208.3,65,1,1,1,1
20,1,173.0,55.4,18.53,99.0,94.6,221.1,72,1,0,1,0
75,1,163.0,36.4,13.68,112.0,69.5,238.7,78,0,0,1,1
24,1,159.3,93.7,36.93,123.7,118.9,194.0,72,0,0,1,1
64,1,171.2,61.2,20.9,139.7,95.5,166.0,92,0,2,0,0
23,0,178.4,65.5,20.61,144.4,120.2,301.1,82,0,0,0,1
35,1,163.6,64.6,24.15,101.6,83.5,156.5,79,0,3,0,0
43,1,163.3,61.5,23.04,110.7,80.0,202.2,87,1,1,1,0
35,0,158.5,58.5,23.28,200.0,77.6,231.2,79,1,2,0,1
74,1,162.0,55.0,20.96,115.0,111.9,246.0,69,1,2,1,1
21,0,175.8,71.0,22.95,102.4,79.6,177.3,71,0,3,1,0
68,0,165.8,64.0,23.27,105.7,93.9,125.0,61,1,0,1,0
47,0,157.0,81.0,32.86,115.1,84.4,176.4,99,1,2,1,0
51,1,167.6,77.2,27.49,112.1,113.2,234.5,86,0,2,0,0
46,1,175.5,56.1,18.21,115.3,60.0,225.5,45,0,3,1,0
39,0,159.4,71.6,28.2,119.6,107.4,226.8,90,0,3,0,1
43,1,151.7,63.7,27.69,119.4,151.9,228.5,57,1,0,0,1
31,1,186.9,55.1,15.78,100.9,137.1,253.6,81,0,1,1,1
69,0,151.2,80.3,35.14,127.4,81.5,169.0,48,1,1,0,1
54,0,161.4,68.2,26.17,122.4,114.8,152.1,69,1,0,0,1
79,1,167.3,63.9,22.82,129.9,109.0,214.8,91,0,1,0,1
52,0,162.3,57.2,21.71,85.7,144.1,158.1,91,1,3,1,1
52,1,164.3,54.6,20.23,123.1,60.0,149.6,78,0,3,1,0
70,1,170.8,99.8,34.23,80.3,133.4,249.0,84,0,3,1,1
62,1,141.1,75.0,37.69,116.5,92.0,210.0,58,1,1,0,1
56,1,152.3,53.6,23.11,133.2,77.7,201.1,81,1,1,0,1
31,0,165.4,74.3,27.15,140.9,76.8,202.0,85,1,2,1,1
22,0,161.0,85.9,33.17,126.7,61.0,195.8,105,0,2,1,0
20,0,166.3,72.5,26.22,133.5,81.6,248.7,67,1,2,0,0
52,0,167.3,90.6,32.38,114.0,67.6,139.4,75,0,1,1,0
59,1,143.8,46.9,22.65,109.8,105.4,137.8,75,0,2,1,0
29,1,177.7,40.1,12.7,173.9,117.7,162.5,83,1,3,0,1
62,0,160.0,73.9,28.86,136.5,92.3,211.6,85,1,1,0,1
63,1,156.3,74.1,30.33,96.5,145.0,272.2,87,1,0,1,1
48,1,167.1,35.0,12.54,85.3,83.5,234.8,86,1,1,1,0
32,1,166.1,60.6,21.99,110.7,90.7,223.7,57,0,2,1,0
31,0,177.0,54.9,17.52,143.8,85.8,196.8,45,1,1,1,0
50,0,167.7,49.1,17.46,121.0,118.0,146.7,68,0,2,0,0
65,0,176.6,54.8,17.59,80.0,121.0,220.6,74,1,2,1,1
21,1,155.6,78.9,32.6,116.5,114.9,281.0,67,1,0,1,1
70,0,166.4,54.7,19.76,120.0,96.3,190.4,69,1,0,0,0
69,0,153.9,55.3,23.34,80.0,60.0,177.6,70,0,3,0,0
54,0,166.0,45.7,16.6,120.5,90.4,190.6,81,1,2,0,0
42,0,163.9,89.0,33.16,99.7,144.3,224.0,62,0,1,0,1
36,0,163.4,76.5,28.65,83.3,130.4,204.5,74,1,0,0,1
45,0,163.5,35.0,13.09,152.1,108.8,236.4,74,1,0,0,1
27,1,172.4,55.3,18.6,98.8,88.5,198.7,81,0,2,0,0
48,1,148.9,77.9,35.14,106.7,99.6,190.4,88,0,1,1,0
45,0,156.0,89.2,36.66,106.4,88.6,209.2,95,1,0,1,1
29,0,164.6,82.6,30.49,120.0,135.8,178.4,66,1,0,0,1
45,1,153.2,64.7,27.55,155.3,74.8,269.6,51,0,1,1,1
53,1,165.5,41.0,14.99,96.1,127.7,232.9,72,1,0,1,1
70,0,164.5,83.1,30.7,113.9,84.1,156.0,55,0,1,0,0
60,0,151.0,65.5,28.76,122.4,139.6,170.2,107,1,2,0,1
26,0,150.5,71.0,31.37,102.6,112.8,222.6,64,0,0,0,0
23,0,140.0,67.3,34.36,113.5,77.5,207.3,81,0,2,0,0
77,1,152.8,49.7,21.27,131.9,90.7,212.1,86,0,1,0,0
72,0,165.1,75.5,27.67,104.9,121.3,192.3,79,0,2,1,1
69,0,166.6,73.4,26.46,113.2,85.0,218.2,99,0,2,1,0
64,0,167.0,63.6,22.8,111.4,100.7,193.3,72,1,2,0,0
30,0,157.2,77.1,31.18,117.9,84.6,222.5,64,1,3,0,0
48,1,164.8,49.4,18.18,124.9,152.8,230.9,64,1,1,1,1
75,1,169.0,66.0,23.1,131.7,157.9,264.3,84,1,1,1,1
55,1,152.3,70.4,30.34,158.8,143.9,179.4,72,1,1,1,1
44,0,166.2,44.0,15.91,80.0,96.3,199.6,64,1,1,0,0
40,0,171.6,69.1,23.49,116.7,87.9,151.2,80,1,1,0,0
76,1,160.1,81.0,31.61,92.7,76.6,273.1,83,1,0,1,1
55,0,175.6,65.5,21.22,112.3,146.1,121.0,78,1,0,0,1
29,0,160.3,69.5,27.03,137.6,127.9,267.3,85,0,0,1,1
56,1,156.4,78.4,32.07,144.0,129.4,203.7,76,0,2,0,1
28,1,170.6,64.2,22.06,144.9,92.5,216.7,67,1,2,0,1
43,1,185.3,65.5,19.08,144.7,60.0,193.4,84,0,1,1,0
54,1,165.9,52.3,19.03,116.5,60.0,201.2,64,1,3,1,0
68,0,171.3,69.8,23.77,148.0,101.7,223.5,61,0,1,0,0
54,0,159.9,65.0,25.41,151.9,84.3,134.5,88,0,0,1,1
67,1,152.6,77.5,33.28,122.8,80.9,173.9,70,0,1,0,1
55,0,166.7,78.5,28.24,143.5,110.4,166.2,94,1,2,1,1
37,1,168.2,81.9,28.92,120.8,130.4,217.9,85,1,1,1,1
68,1,161.4,62.4,23.94,148.2,79.0,200.2,69,1,0,0,0
58,0,171.3,37.4,12.73,116.8,60.8,224.7,80,1,1,0,0
51,1,158.5,81.1,32.31,107.8,79.7,206.6,105,0,2,0,1
43,0,156.0,76.5,31.43,97.6,68.7,242.3,84,1,3,1,0
42,0,175.6,60.5,19.61,116.5,117.8,170.4,81,0,0,1,1
51,0,175.7,78.3,25.39,121.7,99.9,202.3,67,1,1,0,0
56,0,158.7,48.3,19.18,101.1,156.4,244.4,97,0,2,1,1
31,1,182.2,85.5,25.74,115.0,122.0,236.4,90,0,0,0,1
68,0,162.1,65.0,24.73,109.5,154.4,140.8,67,0,0,0,1
74,1,165.8,57.6,20.93,98.5,60.0,159.2,97,0,2,0,0
32,1,164.2,60.7,22.52,140.7,60.0,196.7,76,1,1,0,0
42,1,170.2,66.5,22.96,144.2,107.3,190.6,64,1,1,0,1
44,1,167.7,69.8,24.82,140.6,103.7,197.4,67,0,1,1,1
54,0,167.6,70.7,25.18,118.3,96.3,231.8,85,1,0,1,0
60,0,154.8,63.6,26.52,119.6,102.9,211.6,64,1,3,0,1
49,1,148.1,73.0,33.28,98.7,66.3,213.9,61,0,0,1,0
36,1,176.4,70.1,22.53,128.3,116.9,226.8,69,1,1,0,1
68,0,159.5,60.3,23.68,123.4,122.1,243.0,71,1,0,1,1
39,1,164.5,58.0,21.44,176.9,64.0,100.0,66,1,3,1,0
67,0,168.3,79.1,27.95,141.7,89.4,184.5,69,0,0,0,1
44,1,181.3,77.9,23.69,126.3,91.2,164.7,86,1,2,1,1
41,0,166.6,70.9,25.52,119.2,79.9,219.0,78,0,1,0,0
32,1,161.1,83.9,32.33,140.0,65.2,181.5,68,0,1,1,0
78,1,159.8,40.6,15.9,101.7,100.4,203.0,69,0,1,0,0
38,0,164.6,61.5,22.7,142.8,107.8,234.1,73,1,0,0,1
68,1,155.9,52.7,21.66,98.3,81.7,175.9,74,1,0,0,0
55,1,165.3,103.8,38.01,108.8,67.3,214.5,74,1,0,0,1
31,0,164.5,80.7,29.83,83.2,112.3,262.2,85,0,1,0,0
60,1,181.4,68.8,20.91,132.3,77.0,233.3,77,1,0,0,1
38,0,164.2,81.8,30.34,125.0,90.7,136.6,77,0,1,1,1
31,0,145.8,86.7,40.83,108.8,86.9,188.3,92,1,0,0,1
28,1,191.7,86.6,23.55,101.4,137.4,214.2,97,0,1,1,0
26,1,174.6,83.8,27.51,147.6,78.4,222.1,60,1,2,0,0
47,1,185.8,66.1,19.13,117.3,151.8,189.9,56,1,0,1,1
33,1,153.4,62.5,26.54,104.7,122.6,174.4,70,1,1,0,1
50,1,162.8,55.6,20.97,158.4,154.6,202.7,84,0,2,0,0
71,1,171.7,77.5,26.29,106.9,119.9,156.5,79,0,2,1,0
38,1,170.4,67.6,23.3,142.8,93.4,244.0,87,1,3,0,0
77,0,168.1,63.7,22.56,97.0,72.5,274.7,70,0,0,0,1
66,1,143.0,62.9,30.78,112.9,89.3,215.8,51,0,1,0,0
35,0,147.9,91.8,41.96,130.0,144.6,190.7,58,0,3,0,1
72,1,180.2,84.3,25.96,118.8,98.6,237.6,81,1,0,1,1
24,1,182.0,97.5,29.44,124.9,119.8,230.9,87,1,2,0,1
54,0,163.9,77.9,29.0,109.2,106.2,189.0,52,1,0,1,1
31,1,178.9,70.9,22.14,88.0,107.5,198.1,91,0,1,0,1
44,1,154.8,69.6,29.06,149.3,108.6,175.6,80,1,2,0,1
71,0,157.1,54.7,22.17,110.4,114.9,206.6,74,0,3,0,0
78,1,154.0,51.1,21.54,125.8,75.6,212.0,67,0,0,0,0
40,1,156.5,77.6,31.69,134.0,91.8,168.8,94,1,0,1,1
55,1,172.2,56.0,18.87,126.2,109.3,157.0,85,1,3,0,0
72,0,156.4,73.2,29.92,105.8,104.9,147.0,80,1,0,0,1
42,1,187.4,86.7,24.7,143.2,86.2,216.7,66,0,0,0,0
35,1,169.6,60.0,20.87,130.3,112.5,199.5,94,0,0,1,1
76,1,175.8,100.2,32.39,124.0,76.9,196.7,75,1,2,1,1
58,1,169.9,55.1,19.1,123.5,63.3,218.6,78,0,2,1,0
64,0,177.1,84.9,27.04,153.6,108.8,164.0,75,1,1,1,1
72,0,156.3,76.4,31.25,105.4,64.0,157.2,65,1,0,0,0
61,1,179.5,87.9,27.29,128.3,108.4,209.6,78,1,1,0,1
77,1,166.4,53.3,19.23,109.4,60.0,130.9,83,1,2,1,0
58,0,177.1,104.6,33.35,81.3,78.3,189.6,69,1,0,0,0
33,0,150.6,67.3,29.68,80.7,90.2,298.7,77,1,1,0,0
50,1,166.8,80.1,28.81,99.7,60.0,146.1,75,0,0,1,0
77,0,166.5,91.7,33.09,106.8,88.8,182.8,85,0,0,0,1
24,1,158.8,60.9,24.16,163.5,135.6,115.1,71,1,3,1,1
54,0,168.1,82.4,29.14,134.0,61.9,190.7,77,1,1,1,1
42,0,180.4,58.4,17.95,135.8,89.6,278.7,80,0,2,1,0
48,0,158.0,91.0,36.42,107.3,151.1,218.7,71,0,1,1,1
62,0,174.6,58.6,19.22,121.2,68.1,175.4,65,1,1,1,0
30,1,153.7,70.6,29.87,166.1,141.9,287.3,67,1,1,1,1
37,0,186.1,74.6,21.54,95.7,91.6,130.3,79,0,3,0,0
66,0,172.8,81.8,27.37,129.1,103.1,218.2,72,1,0,0,1
31,1,182.3,99.5,29.96,152.2,138.7,202.6,72,0,2,0,1
28,0,171.7,63.2,21.44,139.3,85.4,190.1,82,1,3,1,0
29,0,168.9,87.1,30.52,156.0,118.9,232.3,87,0,2,1,1
77,1,172.9,99.6,33.29,124.3,126.5,152.7,89,1,3,1,1
63,0,163.6,72.5,27.07,132.1,80.5,212.5,67,1,0,0,0
36,1,148.8,61.7,27.88,122.2,77.2,207.4,86,1,2,0,1
57,1,169.5,44.0,15.34,130.7,93.1,165.2,100,0,1,1,1
26,1,157.4,98.2,39.63,101.7,94.1,278.0,76,1,3,1,1
65,1,154.0,66.3,27.98,135.8,67.6,192.7,74,0,2,1,0
32,0,171.4,55.0,18.72,125.9,80.8,194.5,71,0,0,1,0
59,1,162.2,49.6,18.86,121.3,60.0,158.9,62,0,2,1,0
61,0,175.3,55.0,17.89,154.9,90.0,193.5,85,0,3,0,1
28,0,157.1,83.8,33.95,114.7,126.8,293.4,74,1,0,1,1
69,0,160.3,85.9,33.42,144.2,60.0,189.9,73,1,1,1,0
46,0,176.5,79.8,25.61,146.1,86.1,220.7,83,1,3,1,1
77,0,167.8,72.0,25.57,137.1,173.3,238.0,84,0,3,1,1
21,0,150.2,51.3,22.74,100.7,99.3,192.7,67,1,0,0,1
24,0,167.6,59.1,21.03,127.2,140.7,183.6,68,0,3,1,1
48,0,179.8,53.4,16.52,159.2,69.6,218.9,67,0,2,1,0
56,0,160.2,78.6,30.62,83.6,113.5,190.3,100,0,1,1,0
57,0,171.0,54.1,18.49,116.2,64.5,186.7,92,1,2,0,0
38,1,156.5,59.3,24.2,143.2,112.0,237.6,83,0,0,1,1
27,1,163.6,67.2,25.12,117.7,125.3,197.2,70,1,3,0,0
67,1,175.9,45.0,14.53,136.2,118.1,248.5,71,1,1,1,1
64,0,167.2,70.7,25.29,148.2,89.7,196.3,79,1,0,1,1
20,1,177.9,68.4,21.61,124.6,108.2,147.3,101,0,2,1,0
41,1,169.3,87.8,30.64,130.2,108.5,100.0,78,1,3,1,0
71,1,187.2,57.7,16.47,121.8,120.0,126.5,81,0,3,1,0
36,0,149.4,50.5,22.65,126.0,96.3,133.4,45,0,0,1,0
26,0,162.8,64.4,24.29,162.1,127.9,210.7,78,0,2,1,1
44,0,154.2,53.5,22.53,118.7,143.0,161.1,58,0,3,1,0
64,0,154.8,70.6,29.44,112.9,90.5,121.0,69,1,2,1,0
23,1,154.9,42.1,17.54,140.8,101.4,194.8,75,1,1,0,0
55,1,166.7,60.9,21.93,103.1,72.9,156.7,71,1,3,0,0
25,1,167.3,56.1,20.04,107.7,110.2,218.5,67,1,1,0,1
79,1,169.3,78.5,27.4,107.8,110.4,217.5,67,0,3,0,0
50,0,153.8,57.8,24.46,114.9,101.7,221.8,72,0,0,1,1
38,0,161.8,44.0,16.8,115.8,104.0,100.0,71,0,3,1,0
63,0,155.4,67.0,27.75,134.0,157.7,201.8,75,0,3,0,1
73,1,174.4,74.8,24.6,113.2,60.0,195.1,74,1,2,0,0
58,0,156.3,65.9,26.99,134.8,85.1,151.1,90,1,2,0,0
46,0,162.9,60.8,22.93,137.3,89.7,114.5,50,0,1,0,0
29,1,170.6,59.9,20.59,106.9,143.7,195.7,77,0,1,1,0
45,1,158.8,71.7,28.41,136.9,114.3,242.6,75,0,1,0,0
38,0,171.9,56.7,19.17,138.7,115.0,100.0,73,0,3,1,1
58,0,181.0,65.1,19.87,84.8,137.8,166.7,66,1,3,1,0
22,0,166.9,81.3,29.17,125.9,94.6,205.3,73,0,1,1,0
64,0,174.0,50.5,16.67,109.9,119.6,245.0,55,1,0,0,1
32,0,144.3,69.3,33.32,146.1,84.1,187.5,77,1,0,0,1
69,0,160.7,43.2,16.71,109.7,68.4,277.2,79,0,3,1,0
47,1,166.8,73.4,26.37,93.2,153.8,128.2,66,0,0,0,0
77,1,154.5,55.3,23.18,119.4,111.1,119.3,98,1,0,0,0
39,1,167.1,85.3,30.56,102.1,119.3,240.7,73,1,1,1,1
47,0,175.6,47.8,15.52,137.0,67.6,106.0,75,0,0,1,0
27,1,146.2,76.6,35.85,103.8,115.3,218.5,91,1,0,0,1
60,0,153.1,88.3,37.67,119.6,153.3,188.2,100,0,3,1,1
58,0,166.8,54.5,19.59,150.9,91.7,164.0,61,0,3,0,0
20,1,169.6,57.1,19.84,142.0,62.3,182.9,68,1,3,0,0
22,0,172.4,55.8,18.79,129.6,105.5,148.4,73,1,0,1,1
32,0,166.1,62.7,22.73,117.4,68.9,187.3,66,0,1,1,0
47,1,169.6,77.8,27.03,127.7,60.0,200.7,85,0,2,0,0
76,1,174.0,61.5,20.3,133.8,78.0,183.4,64,1,3,1,0
79,1,160.9,53.2,20.56,100.3,85.2,176.6,90,1,3,0,0
68,0,158.9,39.7,15.73,137.0,70.4,210.2,82,1,3,1,1
44,1,163.3,94.0,35.25,98.0,139.8,266.4,88,1,1,0,1
75,1,167.0,95.2,34.14,131.4,156.7,189.4,64,0,2,1,1
52,0,158.4,78.4,31.24,97.9,118.5,232.8,70,0,2,0,0
57,1,161.1,57.8,22.3,159.3,111.5,161.4,85,0,3,0,0
72,1,169.0,81.2,28.44,135.3,95.7,146.6,83,1,0,1,1
25,1,166.6,84.2,30.36,88.9,73.1,218.1,71,1,3,0,0
77,0,163.1,66.2,24.87,120.0,148.1,190.7,73,0,3,0,1
63,0,147.6,70.6,32.42,109.6,98.1,245.2,69,1,0,0,1
64,0,165.0,88.5,32.51,107.2,86.1,253.0,72,1,0,0,1
51,0,155.3,45.4,18.82,122.9,130.4,233.6,63,1,3,0,1
64,1,174.8,85.0,27.8,101.4,97.8,232.7,61,1,1,1,1
66,0,161.9,65.4,24.93,135.2,129.3,100.0,87,1,1,0,1
40,0,155.0,53.3,22.18,134.1,87.7,217.8,72,1,0,0,1
35,1,164.4,54.5,20.19,127.0,130.5,234.5,88,0,3,0,0
73,1,177.7,57.0,18.06,119.6,129.4,149.1,82,0,1,1,0
40,1,171.3,51.8,17.67,133.2,139.7,200.4,78,0,3,1,0
30,0,167.2,96.6,34.54,135.8,78.7,158.3,66,0,3,0,0
79,0,151.7,77.4,33.6,129.1,97.5,241.1,60,1,3,0,1
56,0,181.2,86.0,26.18,93.8,158.4,161.8,69,0,1,1,0
55,1,158.8,78.4,31.11,104.2,92.6,168.3,93,0,2,1,0
54,1,174.3,70.9,23.33,114.6,124.3,181.4,85,0,3,0,0
38,0,161.7,71.1,27.19,90.5,168.7,290.0,68,0,1,1,1
39,1,173.4,64.0,21.3,124.5,60.0,240.2,69,1,2,0,1
76,1,178.1,65.3,20.58,148.2,91.6,264.5,63,1,0,0,1
37,1,171.5,48.9,16.62,145.0,100.1,127.5,56,0,1,0,0
66,0,172.6,86.2,28.96,134.8,60.0,149.2,76,0,2,1,1
60,1,164.0,42.8,15.91,134.6,86.3,253.5,95,1,1,0,0
68,1,160.7,54.1,20.97,164.3,70.9,129.6,95,1,2,0,0
33,0,166.4,100.2,36.19,136.9,125.7,173.1,82,0,2,1,0
34,0,161.6,72.0,27.59,138.5,60.0,282.2,67,1,1,0,0
50,1,189.7,72.7,20.2,91.2,156.7,161.5,57,1,0,0,1
20,1,155.1,79.6,33.08,146.7,120.7,127.2,87,0,3,0,0
72,0,175.0,46.9,15.31,128.0,68.4,201.9,80,1,2,1,1
73,0,170.2,49.1,16.95,118.4,130.8,128.8,71,0,3,1,0
73,1,167.3,63.3,22.63,113.4,117.9,249.5,69,0,0,0,1
22,1,179.8,56.4,17.46,109.0,98.8,164.2,82,1,3,1,0
35,1,168.0,68.9,24.41,145.1,78.4,156.2,65,1,3,0,0
42,1,158.7,77.3,30.7,119.4,116.4,201.2,77,1,1,0,1
76,0,167.9,90.8,32.22,109.8,103.7,183.8,60,1,1,1,1
30,1,163.2,82.2,30.86,104.6,79.3,210.1,101,1,0,1,1
31,1,170.0,55.1,19.05,123.4,60.0,220.9,66,1,1,0,1
29,0,173.1,64.4,21.48,112.8,74.5,191.3,82,0,2,1,0
51,1,156.4,60.3,24.65,108.2,84.9,153.5,60,1,0,1,1
35,0,177.0,54.8,17.49,92.4,134.9,229.2,73,0,1,1,1
27,1,162.5,51.3,19.45,139.2,125.8,172.3,85,1,1,0,1
57,1,169.4,95.0,33.08,117.2,86.5,165.2,88,1,0,0,1
31,0,171.2,70.2,23.95,98.3,87.7,205.7,84,1,2,1,1
43,0,168.7,66.6,23.42,114.6,129.7,122.9,73,1,0,0,1
47,1,163.9,77.3,28.76,131.0,108.0,215.6,67,1,1,0,0
72,1,160.1,78.0,30.43,120.6,107.6,207.8,62,0,1,1,1
27,1,162.3,86.8,32.94,123.8,78.9,244.9,93,0,0,0,1
77,0,180.7,58.8,18.03,120.9,96.3,180.0,76,0,2,1,1
47,1,156.3,76.0,31.11,94.5,100.1,253.0,78,1,2,0,0
55,0,157.8,56.3,22.62,139.0,97.3,221.2,88,1,3,0,1
45,0,157.4,67.1,27.11,85.8,122.0,198.9,82,1,2,1,1
27,1,166.4,70.9,25.6,129.2,123.0,272.7,73,0,0,0,0
77,0,149.8,72.3,32.25,132.3,72.4,203.8,83,0,2,1,0
79,1,151.5,71.7,31.23,115.6,85.0,179.3,67,1,2,0,1
69,1,162.4,82.0,31.11,127.1,79.4,205.0,56,0,3,0,0
47,1,152.1,61.0,26.38,114.5,141.7,178.4,91,1,2,0,1
47,1,152.9,72.7,31.09,127.3,167.6,214.9,68,1,3,1,1
56,1,152.2,58.6,25.3,139.9,86.1,252.8,71,0,3,0,0
60,0,156.5,113.8,46.45,104.2,95.0,199.7,72,0,2,0,0
55,0,172.3,56.3,18.96,133.5,125.3,203.6,67,0,1,1,1
46,1,174.6,59.5,19.52,153.8,78.8,231.9,88,0,0,1,1
73,1,184.2,83.2,24.54,125.3,125.9,247.5,79,1,0,0,1
36,0,183.8,63.6,18.81,109.9,99.4,181.9,71,1,2,1,0
28,0,172.9,83.2,27.86,165.3,60.0,206.9,59,0,0,1,0
52,0,175.3,72.3,23.53,121.8,61.0,232.1,78,0,0,1,0
72,0,166.3,64.0,23.12,124.6,89.9,213.2,45,0,3,1,1
39,1,170.2,58.7,20.27,125.0,136.7,125.5,77,0,1,0,0
32,1,184.4,58.2,17.1,129.0,73.2,239.3,91,1,0,1,0
47,0,168.7,64.1,22.53,113.2,84.0,220.9,75,1,1,0,0
67,1,176.5,67.4,21.62,123.8,106.3,223.8,89,1,0,0,1
48,0,155.7,57.5,23.74,139.0,60.0,152.3,60,1,1,0,0
32,1,158.3,68.4,27.27,112.5,109.0,206.1,99,1,1,1,1
65,0,168.1,53.6,18.96,111.6,60.0,233.7,88,1,0,1,1
54,1,166.5,81.3,29.34,114.2,117.0,164.8,80,1,3,0,0
25,0,158.8,84.2,33.39,98.0,75.7,175.2,67,0,1,0,0
37,0,189.1,59.4,16.63,106.3,71.7,234.4,65,1,1,1,0
70,1,166.7,58.6,21.08,105.5,108.2,173.3,74,0,0,1,0
24,0,160.6,72.7,28.18,120.0,123.8,191.7,89,0,1,0,1
66,1,166.5,89.0,32.09,136.7,111.3,158.6,59,0,1,1,1
44,1,165.3,92.3,33.8,149.1,106.2,272.8,75,1,3,1,1
21,0,166.9,49.0,17.58,121.1,106.7,220.8,83,1,1,0,0
29,1,149.1,85.1,38.3,129.1,111.5,189.8,86,1,3,1,1
75,1,177.9,69.1,21.82,124.9,113.4,182.3,83,1,1,1,0
49,1,178.5,69.4,21.77,80.0,88.2,150.9,57,0,1,0,0
69,1,179.7,77.6,24.02,97.0,119.6,195.6,88,1,3,1,1
78,1,168.3,62.8,22.18,135.2,76.1,226.6,75,0,3,0,0
64,0,171.6,86.5,29.35,137.2,132.7,167.6,61,1,2,1,1
24,1,156.3,91.4,37.38,136.7,123.5,204.2,74,1,1,0,1
74,1,173.3,91.9,30.6,116.4,165.4,185.3,51,0,3,1,1
75,1,167.5,42.3,15.09,80.1,115.4,255.2,81,0,1,0,0
52,1,160.4,66.6,25.87,99.4,127.3,174.5,73,0,1,1,1
73,1,173.6,41.0,13.59,102.5,60.0,231.1,59,1,1,1,1
20,0,174.0,58.5,19.32,132.6,128.3,255.8,71,1,0,1,1
37,1,165.6,35.0,12.76,112.9,135.3,184.9,66,0,2,0,0
51,0,169.4,76.8,26.75,153.8,145.1,176.5,67,1,0,1,1
66,0,154.7,73.3,30.63,149.4,103.6,236.9,47,0,2,0,1
68,0,177.4,63.5,20.17,153.5,89.7,128.8,54,1,1,1,0
30,0,156.0,58.1,23.88,101.7,67.3,217.2,72,0,1,1,0
40,1,157.9,74.7,29.95,129.8,70.1,137.0,70,0,3,1,0
45,0,165.6,54.8,19.99,110.4,99.2,248.9,86,1,2,1,1
44,0,176.1,53.8,17.34,126.6,60.0,189.9,67,0,2,1,0
41,1,176.1,52.0,16.75,103.9,77.0,196.4,68,1,0,1,0
78,1,165.0,66.9,24.6,144.5,102.7,171.0,69,1,2,0,1
46,1,172.7,61.3,20.53,104.3,102.0,136.7,72,0,1,0,0
68,0,148.1,64.2,29.28,81.1,70.9,250.6,76,0,3,1,0
32,1,157.8,77.8,31.25,160.7,63.0,193.2,70,1,0,1,1
52,1,158.0,84.4,33.82,128.8,67.5,328.4,81,1,3,1,0
53,0,177.5,91.8,29.12,98.6,93.4,167.6,102,0,2,1,0
60,1,171.5,70.9,24.09,116.8,163.9,174.1,65,0,2,1,1
54,1,166.8,75.2,27.02,108.5,131.8,164.1,79,0,0,0,1
20,1,167.8,72.8,25.86,120.1,106.4,193.0,75,1,2,1,0
40,1,180.7,44.9,13.75,136.1,116.6,263.0,87,1,3,1,1
67,0,163.3,64.5,24.17,132.9,130.5,240.4,77,1,1,0,1
74,1,151.9,64.5,27.98,125.1,120.3,139.8,66,0,0,0,0
25,1,175.9,62.3,20.15,120.1,90.8,248.2,61,0,2,0,0
47,0,166.8,69.4,24.93,141.6,74.6,227.3,82,1,3,1,0
36,1,174.5,66.7,21.9,81.5,96.2,219.3,61,1,1,1,0
24,0,164.6,55.2,20.39,105.0,130.1,172.6,89,0,2,1,0
50,1,156.6,67.7,27.62,100.4,91.9,175.6,81,1,0,1,1
24,0,169.0,60.4,21.15,140.1,66.9,205.5,76,0,2,1,1
57,0,165.1,35.0,12.84,105.2,60.0,177.9,59,0,2,0,0
22,0,166.8,49.0,17.62,94.3,96.4,252.5,83,0,2,1,0
72,0,181.2,71.3,21.73,131.0,69.2,176.2,94,1,1,1,1
42,1,154.0,86.4,36.42,101.8,86.9,122.1,69,1,1,1,1
56,0,167.9,35.0,12.42,113.0,143.7,147.9,66,0,2,0,0
72,1,156.8,56.9,23.16,167.6,98.4,150.5,73,0,2,1,1
56,0,140.0,76.5,39.02,135.7,77.5,189.5,80,1,0,1,1
29,0,164.5,83.2,30.73,115.8,109.3,208.6,68,0,2,1,0
29,0,165.3,63.7,23.31,117.6,157.6,202.2,85,1,3,1,0
38,1,171.2,59.8,20.38,138.1,96.4,218.4,97,1,3,0,0
36,0,162.8,88.3,33.3,133.3,60.0,189.9,78,1,0,0,0
40,1,150.1,81.9,36.37,121.5,119.5,191.3,71,0,1,0,0
33,1,156.8,82.9,33.72,122.1,110.4,270.1,80,0,2,1,1
28,1,178.2,63.0,19.84,90.4,102.7,248.2,89,0,0,0,1
65,1,156.6,86.7,35.34,86.2,93.4,216.3,76,0,1,0,0
20,1,180.8,40.8,12.48,116.5,75.8,236.7,80,1,0,1,0
70,1,175.5,87.0,28.24,107.3,145.4,123.0,83,0,1,1,0
64,1,161.8,69.0,26.35,131.7,60.0,167.1,64,1,2,0,0
32,1,157.7,71.9,28.92,123.9,90.7,182.7,80,0,0,0,0
23,1,175.5,55.8,18.13,104.5,90.0,167.6,58,0,2,0,0
20,0,162.6,42.8,16.19,123.3,125.6,138.2,67,0,0,0,0
68,0,149.5,71.6,32.02,111.6,137.1,216.8,88,0,1,1,1
59,0,170.6,78.3,26.89,161.3,93.2,255.4,85,0,0,1,1
51,0,169.2,80.5,28.14,127.7,105.8,199.5,71,1,3,0,0
53,0,176.4,78.9,25.37,88.8,108.3,225.9,95,0,3,0,1
47,1,168.5,75.5,26.6,156.4,131.6,198.3,59,0,0,0,1
50,1,159.5,56.1,22.07,107.3,131.0,182.3,72,0,3,1,0
27,1,177.7,81.5,25.81,100.5,83.8,236.8,78,0,2,1,0
58,1,178.7,54.5,17.06,162.9,113.1,142.9,45,0,3,1,0
45,1,167.3,86.6,30.93,126.9,111.5,125.5,73,1,3,0,0
77,1,165.6,68.7,25.07,134.0,96.5,142.3,61,0,2,1,0
53,1,151.8,69.2,30.06,134.7,111.2,234.1,61,1,2,0,1
73,0,158.9,83.0,32.86,115.9,100.6,203.5,71,0,1,0,1
73,0,172.6,85.0,28.54,108.6,104.7,215.1,53,1,2,1,1
22,0,159.4,81.6,32.09,111.8,60.0,267.1,65,0,0,0,0
78,0,150.4,57.7,25.49,152.2,72.5,153.5,53,0,3,1,1
69,1,200.0,81.4,20.37,124.1,124.5,248.2,76,1,1,1,1
31,1,150.4,57.8,25.55,146.3,63.7,184.1,76,0,2,0,0
20,1,187.6,81.8,23.26,118.5,114.1,178.1,70,1,3,0,1
73,0,161.9,48.6,18.54,104.9,97.6,203.2,86,0,0,1,0
63,1,164.2,68.6,25.46,91.2,130.9,209.5,71,1,0,1,1
24,1,158.3,57.7,23.03,133.0,119.5,191.6,74,1,1,1,1
49,1,172.8,83.0,27.8,153.9,86.4,224.4,64,1,0,1,1
49,0,150.6,86.7,38.24,102.3,93.3,203.4,47,0,3,1,0
78,1,146.6,73.0,33.96,130.3,60.0,192.0,73,1,2,1,0
76,0,181.1,72.5,22.1,92.5,96.1,183.3,71,0,0,1,0
36,0,157.0,80.6,32.7,108.9,61.9,209.5,95,1,2,0,0
67,0,172.5,86.8,29.19,125.4,93.4,145.7,83,1,3,1,0
66,0,154.1,70.6,29.7,85.4,80.9,157.0,70,1,3,0,0
42,1,172.1,62.5,21.11,119.6,73.7,185.3,76,0,2,0,0
34,0,181.8,79.7,24.11,103.3,135.6,221.8,85,0,3,1,0
56,0,159.7,42.1,16.51,132.1,61.7,285.7,81,0,1,1,1
40,1,145.7,83.6,39.42,116.7,71.1,193.6,95,1,0,1,1
33,1,181.9,59.3,17.94,138.8,79.1,129.0,65,0,1,1,0
21,0,174.3,66.4,21.86,114.4,85.6,168.4,86,0,1,1,1
30,1,160.3,83.7,32.6,92.8,73.7,226.4,69,1,1,0,0
70,0,162.8,63.8,24.05,90.3,89.2,161.2,77,1,2,0,1
58,0,153.9,79.7,33.66,81.8,109.1,147.8,68,0,2,1,0
57,0,179.2,87.1,27.12,132.7,120.1,226.1,73,0,3,1,0
79,0,159.7,71.7,28.11,171.2,118.6,218.6,77,0,2,1,1
53,1,150.8,74.7,32.83,128.7,60.0,141.1,82,1,3,1,0
57,0,167.1,68.2,24.42,153.4,111.4,164.2,75,1,2,0,1
69,1,156.4,71.7,29.33,142.7,113.3,249.8,45,1,3,0,0
53,1,154.7,53.3,22.25,109.6,80.1,234.1,74,1,0,0,0
37,1,160.7,65.6,25.4,145.3,150.0,152.1,92,1,3,1,1
49,1,165.9,50.7,18.42,110.4,132.6,120.4,73,0,0,1,1
34,0,151.2,56.5,24.73,110.8,94.5,210.7,92,0,3,1,0
46,1,178.9,40.0,12.49,115.8,82.1,188.2,73,0,2,0,0
70,0,171.8,74.0,25.07,116.8,149.5,207.3,56,1,2,0,1
53,1,161.3,95.4,36.64,133.2,99.4,225.4,69,1,0,0,1
71,1,156.0,63.2,25.96,106.6,102.6,161.7,68,0,1,1,0
76,0,164.1,84.5,31.37,137.8,102.2,182.7,72,0,1,0,1
57,0,174.0,86.9,28.7,137.5,169.1,164.0,60,0,3,1,1
52,0,172.4,52.0,17.49,126.9,93.5,165.5,74,1,2,0,0
43,1,175.6,55.2,17.92,158.8,99.3,222.6,71,1,1,1,1
34,1,160.2,84.9,33.07,145.7,75.1,205.8,90,1,2,1,1
79,0,140.0,68.6,35.01,141.4,88.3,137.5,60,1,2,1,1
49,0,177.5,50.6,16.08,121.3,69.1,229.0,77,1,2,1,0
74,0,163.3,60.4,22.66,127.0,75.7,186.0,79,0,3,0,1
61,0,171.7,76.3,25.89,130.5,60.0,230.8,84,0,0,0,0
70,1,181.7,58.1,17.6,120.3,126.4,159.4,70,1,3,0,0
36,0,189.3,35.0,9.76,112.5,104.7,163.0,77,1,1,1,0
24,0,158.5,65.2,25.94,80.0,107.2,210.1,79,0,0,0,0
48,0,166.3,66.4,23.99,134.4,98.4,156.1,55,1,1,1,1
23,0,178.7,70.1,21.97,140.8,102.2,189.0,71,1,0,0,1
29,1,156.6,88.9,36.26,96.8,148.6,151.6,74,0,0,0,0
75,0,159.2,70.8,27.94,132.1,76.9,184.3,76,1,3,1,1
36,1,159.1,73.6,29.09,108.2,108.4,198.7,75,1,2,1,1
29,0,164.7,85.8,31.63,112.7,108.2,200.6,80,0,2,1,0
36,0,162.8,70.2,26.47,146.2,134.3,185.4,98,1,0,0,1
79,1,159.1,102.0,40.33,100.2,113.2,213.3,67,1,3,1,0
39,0,155.3,51.0,21.15,100.2,114.7,205.9,79,0,1,0,0
43,1,173.1,56.0,18.68,156.1,62.3,196.4,90,0,1,0,1
24,1,178.4,79.2,24.89,117.1,75.7,175.0,53,1,2,0,0
53,0,179.8,88.8,27.46,144.9,65.0,242.7,78,0,2,1,0
25,1,160.2,67.0,26.11,88.0,60.0,215.5,54,0,1,0,0
72,1,173.5,54.8,18.21,89.6,111.9,158.6,101,1,1,1,1
21,1,167.4,96.4,34.42,101.7,92.2,226.0,81,0,3,1,0
32,1,159.3,58.1,22.9,110.4,112.0,235.0,79,1,1,0,1
62,1,172.3,75.1,25.28,91.9,101.1,196.7,52,0,3,0,0
62,1,158.8,89.7,35.56,127.4,107.2,199.4,68,0,2,0,1
67,1,161.2,63.4,24.38,128.7,140.1,117.6,69,1,1,0,1
30,1,151.2,60.7,26.53,102.0,100.2,166.3,96,1,2,1,0
70,0,160.4,61.7,23.99,103.6,120.1,233.7,83,1,0,1,1
66,0,167.5,83.5,29.76,106.3,90.9,168.7,55,0,0,1,0
76,1,180.7,85.9,26.31,96.7,124.7,193.6,80,1,0,1,1
42,0,161.5,70.5,27.04,80.0,62.8,165.7,56,1,1,1,0
74,1,154.6,98.2,41.1,118.3,60.0,209.2,55,0,2,1,1
35,1,180.0,70.5,21.76,111.4,163.2,215.7,80,0,1,1,0
50,0,160.0,89.4,34.94,113.4,155.1,216.8,83,0,2,1,1
30,1,147.5,63.5,29.19,99.8,60.0,154.4,80,1,3,1,0
73,1,166.3,105.0,37.96,136.2,98.9,204.3,97,0,1,0,1
35,1,161.8,93.6,35.76,168.5,104.5,263.1,79,0,0,0,1
27,1,188.0,68.1,19.26,103.3,121.7,229.9,77,1,3,1,0
23,0,169.8,91.5,31.76,148.0,152.2,203.7,60,0,2,1,1
59,1,163.5,90.8,33.94,127.3,68.2,122.8,85,0,1,0,0
23,1,155.8,93.3,38.46,120.7,69.8,190.0,55,1,2,0,0
75,1,168.3,35.0,12.36,113.1,100.0,265.9,99,0,2,0,1
44,0,179.6,80.8,25.06,118.3,71.1,252.7,85,1,1,1,1
22,1,168.1,78.1,27.64,143.0,60.0,218.5,108,1,1,0,0
51,0,156.5,77.1,31.46,97.2,93.2,171.2,79,1,2,0,0
22,0,170.4,73.3,25.24,114.5,125.7,202.1,86,1,2,0,0
46,1,164.5,73.7,27.24,145.0,99.4,230.9,71,1,3,0,1
48,1,169.5,89.2,31.07,139.7,118.7,237.6,74,0,0,0,1
51,0,161.5,78.1,29.96,97.5,114.4,212.5,62,1,2,1,1
69,1,161.2,73.3,28.18,116.3,69.2,234.2,57,1,0,0,1
77,0,160.8,87.1,33.67,134.6,102.0,197.7,77,1,3,1,1
70,0,174.4,76.3,25.07,133.3,60.0,195.9,74,1,0,0,1
38,1,161.3,77.7,29.86,139.5,84.6,181.6,62,0,0,0,0
40,1,160.4,98.0,38.09,127.7,101.5,217.0,64,0,3,0,0
24,0,155.6,63.5,26.23,131.0,100.0,240.0,75,0,2,0,0
37,0,169.5,47.3,16.44,126.9,61.3,228.3,61,1,0,0,0
47,0,168.1,71.1,25.15,151.6,67.3,151.3,79,0,2,1,0
61,0,160.5,73.2,28.42,111.6,108.7,153.4,62,0,2,1,0
41,1,157.9,80.8,32.41,121.0,124.8,244.1,78,1,1,1,1
40,1,183.8,71.6,21.21,99.7,93.8,207.1,61,1,2,1,1
25,1,146.2,81.3,38.05,95.8,92.3,208.6,61,0,2,1,0
20,1,169.9,107.6,37.25,126.5,127.9,207.7,46,0,0,1,0
24,1,177.9,82.0,25.91,105.5,76.8,270.1,73,0,2,1,0
60,0,140.0,84.7,43.19,118.8,151.8,182.1,92,0,2,0,1
31,1,172.9,68.1,22.75,152.4,60.0,244.7,91,1,1,1,1
45,1,162.8,49.2,18.57,151.2,131.5,209.3,78,1,1,0,1
65,1,167.6,35.5,12.65,164.5,116.2,136.0,50,1,0,0,0
53,1,161.8,62.2,23.78,152.8,172.3,167.0,85,1,0,1,1
68,1,175.8,35.0,11.33,168.1,66.4,175.7,77,1,1,0,1
33,0,168.6,77.7,27.33,128.7,60.0,243.7,70,0,1,0,0
45,0,166.3,64.3,23.23,101.9,137.5,249.1,89,1,3,1,1
64,0,156.0,50.3,20.67,100.0,60.0,214.2,82,1,2,0,0
46,1,183.8,72.0,21.3,147.9,118.5,179.1,98,0,0,1,1
28,0,165.1,58.9,21.62,121.0,135.5,163.6,58,1,0,0,0
45,0,187.9,76.8,21.74,122.5,111.4,245.5,59,0,2,1,0
76,1,184.3,80.6,23.74,109.0,107.0,148.6,61,1,2,0,1
66,1,147.2,59.5,27.44,111.4,112.0,195.8,71,1,0,1,0
76,1,158.5,66.4,26.46,127.7,125.1,294.6,94,1,1,0,1
41,0,154.6,73.2,30.62,98.9,117.6,179.2,67,0,1,1,1
66,0,164.5,48.9,18.06,125.1,63.5,149.1,67,1,2,0,0
75,1,166.9,73.2,26.3,150.2,154.7,129.4,80,0,0,0,1
49,1,167.3,48.5,17.34,80.0,101.5,296.2,85,1,2,1,0
62,0,175.5,78.5,25.47,89.2,115.6,213.9,48,1,1,0,1
67,0,179.9,63.5,19.6,133.5,121.3,165.2,87,0,3,1,1
36,1,174.7,48.5,15.88,147.3,134.7,192.4,67,0,3,0,1
45,1,159.4,61.3,24.13,110.2,131.6,173.5,73,1,1,0,1
55,0,157.2,61.9,25.07,80.0,104.0,125.5,92,0,2,1,0
20,1,165.0,86.0,31.59,148.6,102.0,231.5,72,1,3,0,1
27,0,169.3,72.6,25.34,103.8,112.3,201.4,56,1,1,1,0
68,0,163.2,55.7,20.9,112.8,133.0,228.2,57,0,0,0,1
54,0,151.5,94.7,41.25,126.4,66.6,200.3,74,0,2,0,0
71,0,171.8,79.4,26.89,106.7,119.3,205.2,70,0,2,0,0
34,1,161.1,65.0,25.03,102.5,73.4,110.6,75,1,3,0,0
66,1,160.8,46.7,18.06,102.8,155.5,236.3,70,0,2,1,1
75,0,164.5,63.6,23.53,157.2,111.0,156.5,89,1,3,1,1
41,0,162.6,66.7,25.22,143.2,87.5,166.7,75,0,3,0,0
33,0,161.3,75.5,29.02,131.5,112.9,178.9,53,0,1,0,0
45,0,152.2,79.1,34.15,80.0,100.3,117.7,84,0,3,1,0
47,0,163.9,82.1,30.57,131.6,95.2,176.7,97,0,0,0,1
42,1,172.0,45.8,15.49,130.5,60.0,173.9,76,0,2,1,0
33,1,167.6,73.1,26.02,94.4,69.3,184.9,77,1,3,0,0
43,1,174.5,67.6,22.21,125.2,95.8,132.0,65,0,2,0,0
21,1,157.7,110.2,44.29,141.0,60.0,237.1,72,0,3,1,0
64,0,152.2,71.0,30.63,131.4,82.4,215.9,81,1,1,0,1
45,0,162.5,60.7,22.96,106.4,85.0,165.4,88,1,0,1,0
33,0,158.9,71.7,28.39,120.3,76.6,176.7,80,1,2,1,0
78,0,159.9,69.9,27.33,134.6,123.2,233.5,96,1,1,1,1
75,0,167.1,40.2,14.38,121.2,73.6,189.7,76,0,2,1,1
70,1,160.0,76.1,29.75,145.1,102.7,150.4,61,0,1,1,0
26,0,152.5,65.3,28.1,127.9,89.4,196.7,61,1,0,1,1
22,1,159.4,69.6,27.39,135.1,96.4,156.5,89,0,3,0,0
66,1,168.4,56.9,20.06,136.4,148.2,171.7,87,1,1,1,1
42,1,171.7,53.6,18.18,98.7,105.4,198.0,55,1,2,1,0
65,1,171.6,83.2,28.24,121.0,111.2,242.2,72,0,2,0,0
62,0,169.2,86.6,30.24,113.4,77.0,280.9,72,0,1,1,0
66,1,163.3,76.3,28.59,140.9,118.8,254.5,65,1,0,0,1
79,1,169.0,42.8,14.99,129.3,117.5,197.1,58,0,0,1,1
64,1,164.6,77.2,28.52,116.2,114.6,290.3,65,1,3,1,1
37,0,166.1,43.1,15.6,94.4,63.7,222.3,63,1,3,1,0
77,0,155.6,60.1,24.81,88.1,82.4,160.8,58,1,2,0,0
57,0,165.4,83.0,30.32,126.2,143.0,203.8,84,1,2,0,1
54,1,168.8,79.9,28.03,105.7,79.4,173.7,78,0,3,1,0
70,1,168.4,76.9,27.1,133.3,147.1,150.1,69,1,3,1,1
34,0,152.1,89.7,38.76,87.1,83.6,153.0,50,1,3,0,0
44,1,166.0,78.4,28.46,151.9,104.4,194.1,71,1,1,0,1
74,0,150.6,39.7,17.52,133.3,94.4,230.2,81,0,3,0,0
56,0,166.7,64.5,23.19,122.0,74.7,242.7,66,1,1,1,1
47,1,158.0,69.4,27.8,153.7,75.1,150.2,61,1,1,0,1
29,1,182.1,67.6,20.4,139.0,78.9,187.9,73,0,3,0,1
58,1,166.2,60.7,21.99,110.5,104.4,219.5,79,1,0,0,1
76,1,173.0,54.5,18.22,121.6,126.7,206.1,51,1,0,0,1
36,0,186.1,106.0,30.61,80.7,102.5,227.8,91,1,2,0,0
58,0,156.8,64.2,26.09,141.3,99.0,182.6,60,1,3,0,0
41,0,169.4,105.3,36.7,114.1,136.3,250.9,69,0,2,0,1
45,0,153.1,52.9,22.55,80.5,101.2,199.8,89,0,3,1,0
63,0,168.4,79.9,28.14,96.4,83.7,230.3,76,0,2,0,0
44,1,182.7,73.4,22.01,137.4,70.1,184.8,88,1,1,1,1
36,0,158.7,56.2,22.3,152.3,138.1,202.3,93,0,3,1,1
32,0,156.1,63.0,25.84,120.4,90.1,136.2,57,0,0,0,1
39,0,164.1,69.8,25.91,100.4,82.6,166.5,85,1,3,1,0
44,1,185.5,57.3,16.67,91.6,80.0,191.7,90,0,2,1,0
23,1,172.7,66.2,22.18,148.3,136.4,204.0,70,0,2,0,1
29,1,156.0,35.0,14.39,129.0,82.8,307.2,71,0,2,1,0
22,1,179.6,80.7,25.02,113.4,129.7,184.7,52,1,2,0,1
60,0,148.4,88.4,40.12,108.6,93.1,144.9,84,1,2,0,0
64,0,186.4,76.8,22.12,133.4,63.7,268.1,45,0,2,0,0
37,1,173.6,104.0,34.51,132.9,90.0,243.2,86,0,0,0,1
66,1,182.6,80.2,24.05,102.1,99.0,153.7,57,1,2,0,0
55,0,148.5,87.1,39.5,97.2,96.5,218.6,91,1,0,0,1
66,0,166.7,88.6,31.88,98.2,95.8,233.4,79,1,3,0,1
41,1,163.7,35.0,13.07,110.6,90.3,206.6,87,1,1,1,1
53,1,154.9,76.4,31.81,106.2,76.4,213.0,65,0,0,0,0
66,1,152.0,49.3,21.31,152.4,100.3,174.7,58,1,3,1,1
27,1,170.1,52.3,18.08,109.9,116.2,220.2,53,0,1,0,0
59,0,171.0,54.9,18.78,95.0,60.0,180.3,88,1,0,0,1
68,0,178.0,65.3,20.61,96.1,139.0,100.0,82,1,0,0,1
63,0,160.0,79.8,31.17,116.3,60.0,207.9,83,1,3,1,1
38,1,163.6,76.5,28.59,83.6,102.3,133.0,78,1,2,1,0
61,1,151.2,69.8,30.55,118.8,114.0,240.5,81,0,0,1,1
60,0,180.4,80.8,24.84,93.3,81.9,154.8,71,0,0,1,1
56,0,165.7,81.8,29.78,143.2,60.0,101.9,79,0,3,1,0
25,0,172.2,76.6,25.84,122.3,97.1,129.2,64,1,2,1,1
71,0,172.6,44.1,14.82,162.4,105.1,198.3,70,0,1,0,1
45,1,179.6,58.9,18.26,115.4,65.5,207.5,111,1,2,0,0
53,0,156.7,70.4,28.67,80.0,75.1,143.5,75,1,2,1,0
78,0,172.0,81.0,27.39,149.2,128.9,157.1,51,0,3,1,1
75,0,164.7,50.1,18.45,130.0,103.5,199.7,70,1,2,1,1
78,0,186.1,69.8,20.17,133.1,60.0,238.9,62,1,3,1,1
64,0,156.7,46.5,18.95,99.9,113.5,151.6,76,0,1,1,1
25,0,176.7,85.4,27.34,119.1,72.1,215.2,64,1,0,0,0
56,0,168.5,73.6,25.93,123.7,76.8,130.5,72,1,0,0,0
76,1,168.0,49.8,17.65,115.2,105.9,212.6,66,0,3,0,1
52,1,165.5,49.7,18.14,85.3,103.1,230.2,77,0,3,0,0
72,1,178.5,75.8,23.8,175.4,87.9,221.0,67,1,2,0,0
41,1,167.6,90.6,32.25,136.7,84.9,239.8,79,0,2,0,0
40,0,149.8,53.5,23.88,128.4,92.5,237.1,98,1,0,0,1
25,1,177.2,81.8,26.05,146.3,76.6,273.9,61,0,0,0,0
25,1,175.4,61.9,20.12,132.9,132.7,204.3,83,1,0,1,1
74,0,170.9,82.3,28.2,106.5,60.0,274.0,45,0,3,1,0
67,0,153.7,80.2,33.96,145.0,92.8,162.2,72,0,1,0,0
23,1,155.3,72.3,30.0,137.0,60.0,191.8,77,1,1,0,0
49,1,146.2,42.5,19.87,107.2,128.1,195.4,66,0,3,0,0
30,0,169.6,80.2,27.89,135.8,92.7,158.3,53,0,2,1,0
49,1,151.5,77.5,33.78,115.2,68.3,105.6,74,1,1,1,0
50,0,147.8,76.2,34.86,124.2,120.6,234.8,93,0,2,0,0
43,0,177.7,72.9,23.08,132.0,60.0,162.8,73,0,0,1,0
74,0,172.7,56.8,19.05,147.4,108.4,184.0,81,0,0,0,1
28,0,161.7,86.2,33.0,107.1,134.5,263.4,88,1,2,0,1
74,1,163.7,83.5,31.16,127.3,105.4,222.9,104,0,0,0,1
22,0,140.9,53.9,27.12,160.3,84.8,269.6,62,1,3,0,0
70,0,174.2,89.7,29.58,116.5,62.7,204.8,63,1,2,0,0
50,1,158.1,72.0,28.81,123.9,132.5,222.2,71,0,2,1,1
59,0,168.3,71.9,25.4,160.3,127.8,190.4,82,1,2,0,1
56,1,140.1,67.4,34.31,132.7,80.6,166.1,47,1,1,0,1
55,1,174.8,68.8,22.53,90.5,81.4,222.1,82,1,2,0,0
43,1,157.5,90.6,36.52,104.1,135.6,182.6,76,1,2,0,1
50,0,151.2,85.5,37.38,133.8,115.9,225.8,68,0,2,1,1
25,1,161.6,85.2,32.62,128.5,60.0,177.2,80,0,1,0,0
21,1,159.0,72.8,28.77,123.3,94.1,193.0,85,0,0,0,0
39,0,175.7,83.3,26.98,163.2,93.0,196.2,87,1,1,1,0
47,1,160.8,57.5,22.23,107.7,107.4,243.1,75,1,3,0,1
30,1,178.6,78.8,24.68,118.5,100.2,183.0,78,0,2,0,0
23,1,168.3,67.7,23.9,80.7,84.6,247.5,78,1,3,0,0
34,1,173.9,39.1,12.92,143.2,105.4,163.8,89,0,1,0,0
25,1,165.0,46.2,16.98,104.0,86.6,210.8,79,1,0,1,1
73,0,177.7,60.1,19.01,141.1,202.4,172.5,82,0,0,0,1
68,1,153.5,76.2,32.37,139.0,103.7,244.6,85,0,2,0,1
49,1,166.1,60.1,21.76,167.0,99.6,167.3,98,0,0,1,1
75,0,161.0,61.1,23.57,133.0,155.3,171.3,67,1,1,0,1
57,0,179.0,81.4,25.43,112.9,60.0,149.7,94,0,1,0,0
70,0,180.0,61.7,19.04,129.1,96.7,204.1,104,1,0,1,0
76,1,165.0,90.0,33.04,104.8,71.5,223.6,68,1,2,0,0
21,0,152.1,87.5,37.82,126.4,119.1,219.3,72,0,2,1,1
34,1,169.3,70.3,24.55,116.0,85.2,194.2,69,0,1,0,0
30,1,148.4,81.3,36.94,118.6,117.4,173.6,82,1,0,1,1
27,0,181.3,79.3,24.12,102.0,115.2,188.9,52,1,1,0,0
45,0,160.3,66.3,25.82,126.0,123.4,190.4,69,0,1,0,0
70,1,164.7,82.9,30.57,136.5,115.7,210.1,71,0,3,1,1
64,0,158.2,85.1,34.02,87.0,93.3,207.4,70,1,1,0,0
63,1,156.0,55.7,22.9,106.2,60.0,269.6,70,0,2,1,1
24,0,172.4,72.3,24.33,123.4,130.3,201.6,69,0,0,1,1
25,0,163.4,72.1,27.01,80.0,142.3,214.4,84,0,0,1,1
45,0,165.4,82.7,30.24,154.8,71.9,202.9,81,0,3,1,0
73,1,155.0,63.3,26.38,105.8,122.1,186.9,95,1,3,0,1
23,0,173.6,61.0,20.26,101.2,64.9,214.2,84,1,2,1,0
38,1,174.6,72.5,23.8,115.9,106.1,183.2,61,0,3,0,0
39,1,162.9,87.7,33.05,122.7,112.3,197.7,72,0,1,0,0
52,1,177.7,52.0,16.47,104.9,87.2,246.4,71,1,1,1,0
39,1,164.0,54.6,20.32,139.6,102.9,180.6,78,1,2,1,1
68,0,172.8,62.2,20.83,128.0,125.4,215.5,88,1,0,0,1
31,1,148.8,64.9,29.31,103.3,96.7,100.7,77,1,2,1,0
66,1,168.5,43.5,15.32,109.6,79.7,192.6,77,1,3,0,0
20,0,162.3,92.5,35.11,89.7,63.3,180.3,75,0,0,1,0
45,1,166.6,68.0,24.53,94.9,88.3,204.8,84,0,0,0,1
33,0,166.1,65.8,23.85,127.8,64.8,190.6,68,1,0,0,0
57,1,166.3,94.3,34.13,103.5,88.7,205.7,57,1,3,1,1
56,0,171.2,80.8,27.57,156.1,86.0,184.9,82,0,1,0,0
30,1,159.3,62.0,24.4,121.4,124.1,215.5,79,1,1,0,0
55,0,170.7,72.5,24.87,92.9,102.2,131.4,90,1,3,1,0
32,1,177.3,69.4,22.06,97.1,176.4,204.5,45,0,3,1,1
62,1,150.9,91.7,40.28,141.1,60.0,162.5,73,0,2,1,1
22,0,157.2,67.5,27.31,118.5,109.4,246.7,76,0,2,1,1
52,0,157.6,48.4,19.47,139.8,86.5,161.9,56,0,1,1,0
25,0,154.1,41.8,17.62,112.7,71.3,239.8,73,1,3,0,0
69,0,160.3,92.1,35.87,108.8,99.1,199.5,89,0,2,0,1
75,1,175.3,58.2,18.92,142.4,96.9,126.8,100,1,3,1,0
29,1,179.5,80.1,24.85,102.8,132.3,164.9,86,1,3,0,0
24,0,166.1,71.1,25.77,129.8,102.7,233.9,71,1,1,0,0
42,1,161.8,63.8,24.36,115.8,79.2,231.6,90,1,1,0,0
29,0,173.0,66.1,22.08,137.6,110.0,148.0,85,0,3,0,0
63,0,141.4,93.8,46.92,156.4,93.1,262.5,69,1,0,0,1
21,1,154.4,48.3,20.24,112.2,66.2,199.0,68,1,0,1,0
32,1,141.8,64.2,31.94,109.1,92.5,235.4,72,1,3,1,0
59,1,154.3,83.6,35.09,133.3,106.9,151.5,62,0,1,0,0
21,1,157.3,50.8,20.5,98.4,102.2,181.8,71,0,0,0,0
39,1,179.8,89.8,27.77,152.3,109.9,216.6,80,0,1,1,0
20,1,140.0,83.4,42.54,148.9,84.2,187.5,87,0,0,1,1
56,1,160.8,74.1,28.64,100.0,109.5,100.0,70,0,3,1,0
28,0,171.2,62.5,21.31,88.3,103.6,192.4,91,1,2,1,0
36,0,169.1,48.8,17.07,96.8,103.8,121.4,82,0,2,0,0
28,0,179.6,80.6,24.98,97.1,101.0,157.2,83,1,1,1,0
30,0,166.6,111.2,40.07,136.0,165.3,143.9,63,0,1,1,1
34,0,168.7,72.2,25.35,151.0,133.3,245.3,96,1,0,0,1
43,1,146.6,42.6,19.82,135.8,108.9,257.9,81,0,3,1,1
57,0,155.1,76.9,31.94,115.3,76.0,213.7,71,1,0,1,0
74,0,147.2,82.9,38.28,126.8,91.2,190.8,68,0,3,1,1
54,0,170.7,56.2,19.29,102.6,148.5,201.1,71,1,3,1,1
49,0,168.5,60.3,21.25,141.9,83.1,245.3,62,1,1,1,1
50,0,168.1,58.8,20.8,128.6,95.0,120.7,86,1,2,0,0
68,0,156.2,62.0,25.43,135.5,93.4,157.0,64,1,2,0,0
24,0,155.3,67.4,27.96,105.4,111.0,240.2,78,1,1,0,0
79,1,167.1,57.1,20.45,116.6,86.9,248.5,69,1,2,0,1
63,1,158.3,51.5,20.54,134.5,105.3,223.6,83,0,1,0,1
69,0,154.8,72.6,30.3,148.9,87.6,158.2,84,0,0,1,1
33,1,159.9,67.3,26.3,107.8,139.4,239.6,67,1,3,1,1
72,1,158.4,63.5,25.29,135.6,79.4,254.5,74,1,2,1,1
75,1,156.3,71.2,29.15,105.8,129.3,228.7,57,1,2,1,1
30,1,152.7,47.2,20.23,162.3,82.4,100.2,95,1,0,1,0
28,0,169.5,73.9,25.74,111.7,74.4,205.0,87,1,0,1,1
53,1,180.6,63.8,19.56,132.9,79.0,223.4,58,1,2,1,1
31,1,164.6,73.6,27.16,123.3,60.0,179.4,64,1,2,1,0
54,1,167.2,76.0,27.18,172.1,113.2,207.5,73,0,1,1,1
54,0,170.4,87.0,29.96,124.6,65.1,179.5,75,1,1,1,1
20,0,168.7,71.5,25.15,109.7,89.3,165.5,66,1,2,1,1
59,0,156.5,86.0,35.1,132.8,122.8,260.4,61,0,1,1,1
41,0,182.2,65.2,19.63,132.3,121.9,208.6,79,0,0,1,1
79,0,157.4,65.9,26.59,116.9,60.0,155.8,95,1,3,0,0
48,0,171.5,68.6,23.34,98.1,109.3,144.9,75,0,1,1,1
27,0,170.3,81.6,28.14,109.4,134.2,165.6,71,0,3,0,0
30,1,145.4,79.5,37.58,137.6,80.9,165.8,70,0,1,1,1
60,1,161.4,72.0,27.65,85.1,115.4,205.9,61,1,2,1,1
56,1,165.6,51.6,18.82,115.0,65.7,219.4,66,1,1,1,0
33,0,166.3,79.2,28.63,139.9,111.6,219.4,88,0,3,0,0
79,0,168.0,57.1,20.22,118.1,103.9,170.0,50,1,3,0,0
49,0,172.6,56.3,18.89,163.5,119.8,236.8,75,1,2,1,1
54,0,164.9,52.9,19.46,85.1,118.0,249.1,75,1,3,1,1
40,0,168.5,68.8,24.2,100.8,60.0,189.6,76,0,2,1,0
56,1,164.6,88.2,32.57,80.0,104.1,158.7,83,0,2,1,0
24,1,154.8,55.5,23.16,159.9,143.6,204.0,75,0,3,0,1
38,0,165.3,95.2,34.82,101.1,60.0,286.4,69,0,0,0,0
78,0,172.5,83.6,28.11,80.3,129.0,157.7,67,1,3,1,1
33,0,176.1,48.0,15.49,107.8,148.1,179.0,90,1,3,0,0
45,0,170.4,64.3,22.14,92.1,60.0,202.3,87,1,1,0,0
23,1,178.3,54.4,17.1,107.9,79.9,221.7,109,0,3,1,0
44,0,169.2,80.0,27.94,120.8,115.5,120.6,71,0,1,1,1
64,0,173.6,55.2,18.3,136.1,73.4,252.2,67,1,1,1,1
61,0,174.4,45.7,15.02,116.5,140.9,251.7,80,0,3,0,1
44,0,162.8,65.1,24.58,120.5,131.8,183.0,80,0,2,1,0
37,1,172.3,87.5,29.5,108.4,60.0,308.3,82,1,0,0,1
59,0,155.6,67.1,27.72,89.8,77.7,249.1,85,0,3,1,0
27,0,168.5,76.0,26.76,83.1,123.1,247.0,82,0,3,1,1
58,1,170.8,76.6,26.25,112.7,121.9,247.5,87,1,2,0,1
59,1,175.5,47.3,15.36,121.7,166.6,246.3,89,0,1,0,1
33,1,173.2,56.5,18.84,111.2,73.6,199.1,89,1,2,0,0
51,0,175.6,70.1,22.72,83.8,143.8,195.2,47,1,2,0,1
70,0,164.0,61.6,22.92,124.0,72.6,162.3,77,0,1,0,0
57,1,161.5,95.6,36.62,152.6,115.0,176.9,63,1,3,0,1
52,1,162.3,51.6,19.59,117.7,126.8,187.6,87,0,2,1,1
42,1,167.7,56.4,20.05,108.4,60.0,202.6,47,0,2,0,0
34,1,146.9,74.4,34.45,118.8,127.3,263.9,92,0,3,0,0
52,1,178.3,60.6,19.05,97.9,141.5,115.9,64,0,3,1,0
44,1,165.4,35.0,12.79,96.6,132.9,253.8,61,0,0,0,0
36,0,160.8,99.0,38.27,129.0,161.6,159.5,79,0,2,0,1
52,0,140.0,53.9,27.49,139.8,129.0,195.8,70,0,0,1,1
66,0,164.6,78.4,28.93,117.1,83.9,171.0,96,0,1,1,1
74,1,163.0,51.2,19.27,80.5,137.2,274.2,91,0,3,1,1
21,1,156.0,57.1,23.44,127.1,82.2,180.0,68,1,3,0,0
33,1,158.3,45.7,18.23,161.3,102.5,220.9,87,1,0,1,1
72,1,164.7,58.9,21.7,115.1,125.0,222.9,68,0,2,0,0
59,1,159.1,60.3,23.83,116.4,113.4,153.6,68,0,1,1,1
59,1,170.7,68.0,23.34,102.5,140.5,196.1,83,0,2,0,1
70,0,157.5,64.4,25.96,129.6,174.7,248.2,92,1,2,1,1
58,0,166.5,48.4,17.44,106.6,65.9,165.1,69,1,0,1,0
70,1,176.8,62.1,19.88,140.4,90.1,233.2,70,0,2,1,1
25,0,164.6,91.7,33.83,106.8,109.5,186.8,78,0,0,0,0
25,1,168.6,89.9,31.65,126.8,86.1,246.5,64,0,3,0,0
22,0,167.9,76.8,27.25,119.1,97.7,269.9,93,1,3,1,1
26,1,165.1,79.9,29.34,151.1,123.3,119.7,64,0,3,1,0
70,1,164.3,100.9,37.37,128.2,119.3,146.5,67,1,1,1,1
27,0,159.3,78.6,30.97,147.7,107.4,182.5,96,1,1,1,1
61,0,166.5,79.7,28.73,122.2,104.4,258.6,77,0,2,0,0
71,1,162.2,46.5,17.69,116.6,93.3,221.3,98,1,0,1,1
34,1,180.5,53.3,16.37,119.2,142.1,150.2,72,0,2,1,1
66,0,173.1,69.5,23.19,104.6,149.9,227.2,105,1,3,0,1
48,0,150.5,57.9,25.57,130.6,130.6,163.5,82,1,2,0,1
52,1,151.0,55.0,24.13,106.2,65.5,234.8,65,0,2,1,0
71,0,163.7,56.8,21.18,122.2,92.1,221.6,65,0,2,1,1
49,1,161.0,48.6,18.76,137.1,106.0,163.3,57,1,3,0,0
58,1,163.2,58.1,21.83,151.7,71.8,197.4,58,1,0,0,0
46,1,171.5,75.1,25.53,123.3,102.4,249.0,67,1,2,1,1
55,1,168.2,96.9,34.28,137.2,100.7,124.3,63,0,3,0,0
48,0,168.1,82.0,29.02,134.8,132.5,212.0,45,0,1,0,1
57,0,179.5,79.5,24.7,112.4,85.1,155.7,85,0,0,1,1
76,0,151.1,45.6,19.99,162.2,134.9,199.4,84,0,3,1,1
52,0,166.0,71.8,26.04,108.5,71.3,218.3,78,1,2,0,0
56,0,159.2,69.0,27.22,121.8,75.5,280.5,61,1,3,1,1
46,0,179.4,74.4,23.12,149.1,88.6,198.9,94,1,0,1,1
74,0,142.9,64.6,31.63,148.6,101.4,258.6,72,1,2,1,1
52,1,143.3,94.9,46.2,120.3,60.0,166.4,65,1,1,1,0
23,0,168.0,70.8,25.07,139.8,113.8,180.2,77,0,1,1,0
41,0,176.3,72.3,23.26,115.5,151.3,223.5,77,0,1,0,1
21,1,172.7,40.6,13.6,110.2,119.5,208.1,45,1,3,0,0
29,0,157.0,68.4,27.75,95.7,93.7,186.9,74,1,0,1,0
24,0,180.1,87.2,26.91,134.5,67.5,185.8,76,1,1,1,0
78,1,152.7,78.3,33.6,136.6,60.0,253.3,70,1,2,1,1
29,0,178.1,37.7,11.88,108.6,60.0,188.5,59,1,2,0,0
52,0,154.0,63.3,26.67,125.4,96.1,159.2,59,1,2,0,0
73,0,161.5,96.0,36.81,173.0,163.2,165.8,81,1,3,0,1
57,1,171.4,67.7,23.06,142.9,60.0,226.8,84,1,0,0,1
32,0,150.3,74.8,33.11,102.0,121.0,290.3,69,0,0,1,1
50,0,179.7,94.3,29.2,140.0,79.7,179.0,79,1,1,1,1
66,1,161.4,67.7,25.97,102.1,89.9,285.9,69,1,0,0,1
55,0,166.4,81.9,29.58,80.0,71.9,199.6,64,0,2,0,0
64,1,176.6,76.2,24.42,119.6,60.0,188.8,77,0,2,1,0
43,1,157.1,79.4,32.17,151.3,103.8,163.6,61,1,3,1,0
71,0,175.6,75.7,24.54,147.9,107.9,192.1,97,0,2,1,1
75,1,181.4,61.8,18.78,127.5,120.1,169.8,57,0,0,1,1
34,1,158.4,63.3,25.21,109.2,60.0,166.5,78,1,2,1,0
48,0,178.7,57.2,17.91,129.7,126.2,133.9,76,0,1,0,0
27,1,147.4,45.4,20.9,114.6,126.8,270.6,75,1,3,1,1
24,1,168.9,88.7,31.08,109.7,112.7,242.6,92,1,3,0,0
48,0,152.7,70.2,30.08,141.2,87.4,210.9,45,1,0,0,0
66,0,174.4,87.9,28.9,109.5,109.3,194.2,79,0,2,1,1
23,0,173.6,93.5,31.02,142.5,95.2,199.8,71,0,2,0,0
31,1,185.8,70.8,20.52,108.2,129.1,168.9,82,1,0,0,0
64,0,179.2,50.3,15.66,161.2,89.0,154.6,75,1,0,1,1
21,1,163.3,67.1,25.13,87.2,103.2,228.7,74,0,1,0,0
46,1,154.2,59.9,25.21,100.9,60.0,189.5,60,1,0,1,0
50,1,170.7,40.3,13.84,116.9,109.2,213.0,66,0,2,1,1
70,1,164.4,62.5,23.12,80.3,77.5,133.5,112,0,1,0,0
70,1,180.5,68.9,21.15,80.0,115.4,187.4,82,0,3,1,0
55,1,143.3,60.4,29.37,80.5,123.7,153.9,87,0,2,1,1
55,1,186.9,58.4,16.73,114.2,81.7,219.4,70,0,3,0,0
45,0,170.3,50.8,17.52,114.7,100.9,239.8,64,0,3,1,0
62,0,156.9,72.9,29.64,126.7,105.2,258.4,84,1,3,0,1
46,1,172.3,98.0,33.01,116.1,111.0,174.8,52,1,2,0,0
24,1,178.0,89.2,28.15,126.0,123.7,154.9,67,0,3,1,0
39,0,166.1,79.8,28.91,111.0,119.8,183.3,70,0,2,0,1
30,1,147.4,80.1,36.91,134.3,88.6,172.0,86,1,3,1,1
29,0,162.1,68.0,25.89,131.9,147.9,217.2,79,1,0,0,1
59,0,175.4,42.9,13.96,113.5,122.6,143.9,69,1,0,1,1
57,0,170.0,64.5,22.31,130.7,142.2,129.8,79,1,2,1,1
25,1,163.4,55.5,20.76,116.2,110.4,186.1,71,1,3,0,0
27,1,178.1,72.3,22.8,89.6,112.2,229.1,87,1,3,0,0
42,0,172.4,88.5,29.78,138.1,96.5,158.9,77,1,3,1,1
66,0,173.2,99.6,33.22,101.9,86.7,234.0,95,1,0,1,1
45,0,160.9,71.0,27.42,137.9,129.3,214.6,71,0,3,0,0
65,0,159.9,45.0,17.59,126.5,107.9,261.9,89,1,3,1,1
62,0,148.0,70.9,32.39,118.3,96.1,167.9,76,0,2,1,1
31,1,162.4,71.3,27.05,82.5,69.3,135.7,66,1,3,0,0
45,0,174.4,80.2,26.38,150.8,146.7,223.9,106,1,0,0,1
32,1,163.0,69.7,26.25,112.7,103.4,211.2,90,1,3,1,0
59,0,169.5,71.0,24.72,132.7,63.2,208.1,77,1,0,0,1
37,1,176.1,60.5,19.51,117.7,102.4,158.1,84,1,0,0,0
44,1,168.7,65.3,22.94,114.6,94.0,231.0,62,0,1,1,1
52,1,169.7,77.7,26.98,123.9,92.7,174.7,62,1,0,0,1
66,1,151.4,39.9,17.39,120.5,117.3,208.1,88,0,1,0,0
59,1,161.8,65.2,24.93,114.7,94.0,181.6,75,0,1,1,0
79,1,182.3,80.3,24.18,118.9,90.8,214.2,73,1,3,0,1
62,0,166.0,94.6,34.32,128.5,140.9,152.2,71,0,1,1,1
31,1,184.0,64.0,18.92,130.0,60.0,220.0,76,1,2,0,0
63,0,157.8,87.8,35.27,120.9,98.5,226.3,71,1,0,0,1
55,1,167.3,95.4,34.05,132.4,127.9,204.6,50,1,2,1,1
67,1,161.2,64.2,24.72,111.5,118.8,265.8,91,0,1,0,0
23,0,170.9,61.6,21.1,164.5,130.6,208.3,73,1,3,0,0
24,1,174.0,67.3,22.23,149.7,160.6,236.8,96,0,0,0,1
75,0,171.0,68.8,23.51,135.2,151.0,203.7,53,1,2,0,1
56,0,175.4,86.4,28.07,81.2,65.3,233.2,53,1,3,0,0
27,0,164.9,58.4,21.48,132.1,60.0,138.7,71,0,1,0,0
61,0,163.1,93.1,34.99,113.3,109.8,201.3,86,0,3,1,1
68,1,147.4,58.0,26.68,100.4,60.0,154.9,60,0,2,0,0
47,1,171.4,51.0,17.37,112.8,60.0,205.6,59,0,3,0,0
50,0,166.7,77.9,28.01,102.6,109.5,215.4,79,0,2,1,0
77,1,164.3,88.5,32.76,130.1,117.0,232.3,71,0,3,1,1
28,1,163.1,72.7,27.32,152.3,151.3,219.6,81,1,0,1,1
73,0,164.6,76.5,28.23,136.5,123.1,186.5,71,0,3,0,0
70,1,162.6,99.3,37.55,175.3,157.6,169.9,79,1,0,1,1
48,0,159.7,88.7,34.76,88.9,110.7,106.3,91,1,2,1,1
33,0,167.4,70.5,25.15,109.9,65.9,202.8,60,1,0,0,0
59,1,169.8,63.5,22.02,101.1,124.7,245.5,89,1,3,1,1
60,1,157.3,86.4,34.93,144.6,140.0,204.3,54,1,0,0,1
41,1,161.0,82.4,31.81,115.6,111.7,196.6,82,0,2,0,0
30,0,163.0,76.3,28.73,123.8,143.5,205.7,92,1,3,0,1
42,0,165.0,65.1,23.9,132.7,96.3,184.5,68,1,0,0,0
20,1,163.7,68.9,25.69,90.9,116.4,207.8,82,1,0,0,0
65,1,171.6,67.8,23.02,107.6,94.8,183.8,69,0,1,1,0
56,1,148.5,65.3,29.64,139.9,171.4,164.0,82,0,0,0,1
40,1,150.2,61.0,27.01,109.0,125.2,197.0,47,0,1,1,1
